"QCNO","VHTID","WEIGHT","VBYBAYID","VRWROWNO","VTRTIERNO","CNTSIZE","GROUPID","CTYPECD","LDULD","WORKFLOW","WORKSEQ","DSTPORT","THROUGHFLAG"
"","41630","4000","28","09","04","40","","GP","L","1","","USCHS","N"
"","41630","3800","28","07","04","40","","GP","L","1","","USCHS","N"
"","41630","4000","28","07","06","40","","GP","L","1","","USCHS","N"
"","41630","3800","28","05","06","40","","GP","L","1","","USCHS","N"
"","41630","4000","28","09","08","40","","GP","L","1","","USCHS","N"
"","41630","3800","28","07","08","40","","GP","L","1","","USCHS","N"
"","41630","3800","28","05","08","40","","GP","L","1","","USCHS","N"
"","41630","4000","28","09","10","40","","GP","L","1","","USCHS","N"
"","41630","4000","28","07","10","40","","GP","L","1","","USCHS","N"
"","41630","3800","28","05","10","40","","GP","L","1","","USCHS","N"
"","41630","3800","28","09","12","40","","GP","L","1","","USCHS","N"
"","41630","4000","28","07","12","40","","GP","L","1","","USCHS","N"
"","41630","4000","28","05","12","40","","GP","L","1","","USCHS","N"
"","41630","4000","28","09","14","40","","GP","L","1","","USCHS","N"
"","41630","4000","28","07","14","40","","GP","L","1","","USCHS","N"
"","41630","4000","28","05","14","40","","GP","L","1","","USCHS","N"
"","41630","4000","28","05","04","40","","GP","L","1","","USCHS","N"
"","41630","4000","28","09","06","40","","GP","L","1","","USCHS","N"
"","41630","3800","28","10","04","40","","GP","L","1","","USCHS","N"
"","41630","3600","28","10","06","40","","GP","L","1","","USCHS","N"
"","41630","4000","28","10","08","40","","GP","L","1","","USCHS","N"
"","41630","4000","28","07","02","40","","GP","L","1","","USCHS","N"
"","41630","4000","28","05","02","40","","GP","L","1","","USCHS","N"
"","41633","3600","40","08","10","40","","GP","L","1","","USILM","N"
"","41639","3600","64","01","16","40","","HC","L","1","","USILM","N"
"","41633","3600","40","12","86","40","","HC","L","1","","USILM","N"
"","41639","3600","64","02","82","40","","HC","L","1","","USILM","N"
"","41639","3600","64","01","84","40","","GP","L","1","","USILM","N"
"","41633","3800","40","07","84","40","","GP","L","1","","USILM","N"
"","41633","3600","40","05","84","40","","HC","L","1","","USILM","N"
"","41633","3800","40","08","14","40","","GP","L","1","","USILM","N"
"","41633","3600","40","10","14","40","","GP","L","1","","USILM","N"
"","41633","3800","40","05","04","40","","GP","L","1","","USILM","N"
"","41633","3800","40","05","06","40","","GP","L","1","","USILM","N"
"","41633","3600","40","05","08","40","","GP","L","1","","USILM","N"
"","41633","3600","40","05","10","40","","GP","L","1","","USILM","N"
"","41633","3600","40","09","12","40","","GP","L","1","","USILM","N"
"","41633","3600","40","05","14","40","","GP","L","1","","USILM","N"
"","41639","4000","64","01","10","40","","GP","L","1","","USILM","N"
"","41639","4000","64","00","10","40","","GP","L","1","","USILM","N"
"","41639","3600","64","02","10","40","","GP","L","1","","USILM","N"
"","41639","3800","64","01","12","40","","GP","L","1","","USILM","N"
"","41639","3800","64","00","12","40","","GP","L","1","","USILM","N"
"","41639","3600","64","02","12","40","","GP","L","1","","USILM","N"
"","41633","4000","40","05","12","40","","GP","L","1","","USILM","N"
"","41639","3600","64","00","84","40","","GP","L","1","","USILM","N"
"","41633","4000","40","07","12","40","","GP","L","1","","USILM","N"
"","41633","3800","40","08","12","40","","GP","L","1","","USILM","N"
"","41639","3800","64","00","14","40","","GP","L","1","","USILM","N"
"","41639","3800","64","02","14","40","","GP","L","1","","USILM","N"
"","41639","3800","64","00","86","40","","GP","L","1","","USILM","N"
"","41639","3800","64","00","88","40","","GP","L","1","","USILM","N"
"","41639","3800","64","02","86","40","","GP","L","1","","USILM","N"
"","41639","3800","64","01","14","40","","GP","L","1","","USILM","N"
"","41633","4000","40","09","14","40","","GP","L","1","","USILM","N"
"","41633","3600","40","10","12","40","","GP","L","1","","USILM","N"
"","41633","4000","40","07","14","40","","GP","L","1","","USILM","N"
"","41635","3600","48","07","82","40","","GP","L","1","","USCHS","N"
"","41635","3600","48","05","82","40","","GP","L","1","","USCHS","N"
"","41635","3600","48","03","82","40","","GP","L","1","","USCHS","N"
"","41635","3600","48","01","82","40","","GP","L","1","","USCHS","N"
"","41635","3600","48","00","82","40","","GP","L","1","","USCHS","N"
"","41635","3600","48","02","82","40","","GP","L","1","","USCHS","N"
"","41633","3600","40","03","84","40","","HC","L","1","","USILM","N"
"","41633","4000","40","11","86","40","","GP","L","1","","USILM","N"
"","41633","3800","40","04","84","40","","GP","L","1","","USILM","N"
"","41633","3600","40","09","86","40","","GP","L","1","","USILM","N"
"","41633","3800","40","06","84","40","","GP","L","1","","USILM","N"
"","41633","3800","40","08","84","40","","GP","L","1","","USILM","N"
"","41633","4000","40","10","84","40","","GP","L","1","","USILM","N"
"","41633","4000","40","07","86","40","","GP","L","1","","USILM","N"
"","41633","4000","40","12","84","40","","GP","L","1","","USILM","N"
"","41633","4000","40","05","86","40","","GP","L","1","","USILM","N"
"","41633","3800","40","03","86","40","","GP","L","1","","USILM","N"
"","41633","3600","40","01","86","40","","GP","L","1","","USILM","N"
"","41639","3600","64","01","86","40","","HC","L","1","","USILM","N"
"","41639","3600","64","02","84","40","","GP","L","1","","USILM","N"
"","41633","3600","40","04","86","40","","GP","L","1","","USILM","N"
"","41633","3600","40","06","86","40","","GP","L","1","","USILM","N"
"","41633","3600","40","08","86","40","","GP","L","1","","USILM","N"
"","41637","3600","56","06","14","40","","GP","L","1","","USSAV","N"
"","41637","3600","56","08","14","40","","GP","L","1","","USSAV","N"
"","41639","3600","64","00","16","40","","HC","L","1","","USILM","N"
"","41635","4000","48","06","82","40","","GP","L","1","","USCHS","N"
"","41635","3800","48","08","82","40","","GP","L","1","","USCHS","N"
"","41635","4000","48","04","82","40","","GP","L","1","","USCHS","N"
"","41635","3800","48","07","84","40","","GP","L","1","","USCHS","N"
"","41635","3800","48","05","84","40","","GP","L","1","","USCHS","N"
"","41635","3800","48","07","86","40","","GP","L","1","","USCHS","N"
"","41635","3800","48","05","86","40","","GP","L","1","","USCHS","N"
"","41635","3990","48","03","84","40","","GP","L","1","","USCHS","N"
"","41633","3800","40","09","16","40","","GP","L","1","","USILM","N"
"","41633","3600","40","07","16","40","","GP","L","1","","USILM","N"
"","41633","3800","40","05","16","40","","GP","L","1","","USILM","N"
"","41633","3600","40","08","16","40","","GP","L","1","","USILM","N"
"","41633","3600","40","11","82","40","","HC","L","1","","USILM","N"
"","41633","3600","40","09","82","40","","HC","L","1","","USILM","N"
"","41637","3860","56","09","14","40","","GP","L","1","","USSAV","N"
"","41637","3600","56","07","14","40","","GP","L","1","","USSAV","N"
"","41635","3800","48","01","84","40","","GP","L","1","","USCHS","N"
"","41633","4000","40","10","16","40","","GP","L","1","","USILM","N"
"","41633","3800","40","06","06","40","","GP","L","1","","USILM","N"
"","41633","3600","40","06","08","40","","GP","L","1","","USILM","N"
"","41633","3600","40","06","10","40","","GP","L","1","","USILM","N"
"","41633","3600","40","06","12","40","","GP","L","1","","USILM","N"
"","41633","3800","40","06","14","40","","GP","L","1","","USILM","N"
"","41633","3600","40","03","02","40","","GP","L","1","","USILM","N"
"","41633","3600","40","03","04","40","","GP","L","1","","USILM","N"
"","41633","3600","40","03","06","40","","HC","L","1","","USILM","N"
"","41633","3600","40","03","08","40","","GP","L","1","","USILM","N"
"","41633","3600","40","03","10","40","","HC","L","1","","USILM","N"
"","41633","3600","40","03","12","40","","HC","L","1","","USILM","N"
"","41633","3600","40","03","14","40","","HC","L","1","","USILM","N"
"","41633","4000","40","07","82","40","","GP","L","1","","USILM","N"
"","41633","3800","40","05","82","40","","GP","L","1","","USILM","N"
"","41633","4000","40","03","82","40","","GP","L","1","","USILM","N"
"","41633","3600","40","06","82","40","","HC","L","1","","USILM","N"
"","41633","3600","40","08","82","40","","HC","L","1","","USILM","N"
"","41633","3600","40","10","82","40","","HC","L","1","","USILM","N"
"","41633","3600","40","12","82","40","","GP","L","1","","USILM","N"
"","41633","3600","40","11","84","40","","GP","L","1","","USILM","N"
"","41633","3600","40","09","84","40","","GP","L","1","","USILM","N"
"","41633","4000","40","10","86","40","","GP","L","1","","USILM","N"
"","41635","3600","48","07","12","40","","HC","L","1","","USCHS","N"
"","41635","3600","48","07","14","40","","HC","L","1","","USCHS","N"
"","41630","3600","28","06","02","40","","HC","L","1","","USCHS","N"
"","41635","3600","48","09","10","40","","HC","L","1","","USCHS","N"
"","41628","3600","20","11","82","40","","GP","L","1","","USILM","N"
"","41628","3600","20","12","82","40","","HC","L","1","","USILM","N"
"","41628","3600","20","11","84","40","","HC","L","1","","USILM","N"
"","41628","3600","20","12","84","40","","HC","L","1","","USILM","N"
"","41628","3600","20","11","86","40","","GP","L","1","","USILM","N"
"","41628","3800","20","10","86","40","","GP","L","1","","USILM","N"
"","41628","3800","20","12","86","40","","GP","L","1","","USILM","N"
"","41628","3800","20","09","88","40","","GP","L","1","","USILM","N"
"","41628","4000","20","07","88","40","","GP","L","1","","USILM","N"
"","41628","4000","20","05","88","40","","GP","L","1","","USILM","N"
"","41628","3600","20","08","88","40","","GP","L","1","","USILM","N"
"","41639","3600","64","02","16","40","","GP","L","1","","USILM","N"
"","41628","3600","20","10","88","40","","HC","L","1","","USILM","N"
"","41639","3600","64","01","82","40","","HC","L","1","","USILM","N"
"","41639","3600","64","00","82","40","","HC","L","1","","USILM","N"
"","41637","3860","56","10","12","40","","GP","L","1","","USSAV","N"
"","41635","3800","48","02","84","40","","GP","L","1","","USCHS","N"
"","41635","3800","48","04","84","40","","GP","L","1","","USCHS","N"
"","41635","3800","48","06","84","40","","GP","L","1","","USCHS","N"
"","41635","3600","48","08","84","40","","HC","L","1","","USCHS","N"
"","41635","3800","48","00","84","40","","GP","L","1","","USCHS","N"
"","41624","2200","03","09","82","20","","GP","L","2","","USCHS","N"
"","41624","2200","05","09","82","20","","GP","L","2","","USCHS","N"
"","41624","2200","03","09","84","20","","GP","L","2","","USCHS","N"
"","41624","2000","05","09","84","20","","GP","L","2","","USCHS","N"
"","41630","3600","28","08","02","40","","GP","L","1","","USCHS","N"
"","41631","3600","32","01","16","40","","GP","L","1","","USSAV","N"
"","41631","3600","32","00","16","40","","GP","L","1","","USSAV","N"
"","41631","3600","32","02","16","40","","GP","L","1","","USSAV","N"
"","41630","4000","28","06","04","40","","GP","L","1","","USCHS","N"
"","41630","3800","28","08","04","40","","GP","L","1","","USCHS","N"
"","41630","3800","28","06","06","40","","GP","L","1","","USCHS","N"
"","41630","4000","28","08","06","40","","GP","L","1","","USCHS","N"
"","41630","3800","28","06","08","40","","GP","L","1","","USCHS","N"
"","41630","4000","28","08","08","40","","GP","L","1","","USCHS","N"
"","41630","3800","28","06","10","40","","GP","L","1","","USCHS","N"
"","41630","4000","28","08","10","40","","GP","L","1","","USCHS","N"
"","41637","3600","56","10","14","40","","GP","L","1","","USSAV","N"
"","41637","3700","56","09","16","40","","GP","L","1","","USSAV","N"
"","41637","3600","56","07","16","40","","GP","L","1","","USSAV","N"
"","41637","3600","56","06","16","40","","GP","L","1","","USSAV","N"
"","41637","3700","56","08","16","40","","GP","L","1","","USSAV","N"
"","41637","4000","56","10","16","40","","GP","L","1","","USSAV","N"
"","41633","3600","40","07","10","40","","GP","L","1","","USILM","N"
"","41634","2000","43","02","02","20","","GP","L","2","","USSAV","N"
"","41634","2000","45","01","04","20","","GP","L","2","","USSAV","N"
"","41634","2000","43","01","04","20","","GP","L","2","","USSAV","N"
"","41634","2000","45","00","04","20","","GP","L","2","","USSAV","N"
"","41629","4000","24","09","82","40","","GP","L","1","","USSAV","N"
"","41629","3600","24","08","84","40","","GP","L","1","","USSAV","N"
"","41624","2200","05","10","82","20","","GP","L","2","","USCHS","N"
"","41635","2200","49","09","84","20","","GP","L","2","","USCHS","N"
"","41635","2200","49","10","84","20","","GP","L","2","","USCHS","N"
"","41635","2200","49","10","82","20","","GP","L","2","","USCHS","N"
"","41635","2200","49","09","82","20","","GP","L","2","","USCHS","N"
"","41624","2200","05","10","84","20","","GP","L","2","","USCHS","N"
"","41624","2200","03","10","84","20","","GP","L","2","","USCHS","N"
"","41624","2200","03","10","82","20","","GP","L","2","","USCHS","N"
"","41634","2000","43","00","04","20","","GP","L","2","","USSAV","N"
"","41634","2000","45","02","06","20","","GP","L","2","","USSAV","N"
"","41634","2000","43","02","06","20","","GP","L","2","","USSAV","N"
"","41634","2200","45","01","08","20","","GP","L","2","","USSAV","N"
"","41634","2200","43","01","08","20","","GP","L","2","","USSAV","N"
"","41634","2200","45","00","08","20","","GP","L","2","","USSAV","N"
"","41634","2200","43","00","08","20","","GP","L","2","","USSAV","N"
"","41634","2000","45","02","08","20","","GP","L","2","","USSAV","N"
"","41634","2200","43","02","08","20","","GP","L","2","","USSAV","N"
"","41631","2000","33","01","02","20","","GP","L","2","","USSAV","N"
"","41631","2000","31","01","02","20","","GP","L","2","","USSAV","N"
"","41631","2000","33","00","02","20","","GP","L","2","","USSAV","N"
"","41631","2000","31","00","02","20","","GP","L","2","","USSAV","N"
"","41634","2000","43","02","04","20","","GP","L","2","","USSAV","N"
"","41634","2000","45","02","04","20","","GP","L","2","","USSAV","N"
"","41634","2000","45","01","06","20","","GP","L","2","","USSAV","N"
"","41634","2000","43","01","06","20","","GP","L","2","","USSAV","N"
"","41634","2000","43","00","06","20","","GP","L","2","","USSAV","N"
"","41634","2000","45","00","06","20","","GP","L","2","","USSAV","N"
"","41629","3600","24","12","86","40","","GP","L","1","","USSAV","N"
"","41636","2200","51","09","04","20","","GP","L","1","","USSAV","N"
"","41636","2200","51","10","04","20","","GP","L","1","","USSAV","N"
"","41629","3800","24","10","84","40","","GP","L","1","","USSAV","N"
"","41629","4000","24","12","84","40","","GP","L","1","","USSAV","N"
"","41629","3600","24","07","82","40","","GP","L","1","","USSAV","N"
"","41629","3800","24","09","84","40","","GP","L","1","","USSAV","N"
"","41629","3800","24","11","86","40","","GP","L","1","","USSAV","N"
"","41629","3800","24","07","84","40","","GP","L","1","","USSAV","N"
"","41629","3600","24","09","86","40","","GP","L","1","","USSAV","N"
"","41629","3600","24","07","86","40","","GP","L","1","","USSAV","N"
"","41629","3600","24","05","86","40","","GP","L","1","","USSAV","N"
"","41632","4000","36","09","88","45","","GP","L","1","","USSAV","N"
"","41632","3600","36","07","88","45","","GP","L","1","","USSAV","N"
"","41629","3600","24","08","86","40","","HC","L","1","","USSAV","N"
"","41629","3600","24","10","86","40","","HC","L","1","","USSAV","N"
"","41634","2000","45","02","02","20","","GP","L","2","","USSAV","N"
"","41631","2000","33","02","02","20","","GP","L","2","","USSAV","N"
"","41631","2000","31","02","02","20","","GP","L","2","","USSAV","N"
"","41634","2000","43","01","02","20","","GP","L","2","","USSAV","N"
"","41634","2000","45","01","02","20","","GP","L","2","","USSAV","N"
"","41634","2000","43","00","02","20","","GP","L","2","","USSAV","N"
"","41634","2000","45","00","02","20","","GP","L","2","","USSAV","N"
"","41631","2000","33","01","04","20","","GP","L","2","","USSAV","N"
"","41626","3600","12","11","82","40","","GP","L","1","","USCHS","N"
"","41635","3600","48","03","86","45","","GP","L","1","","USCHS","N"
"","41635","4200","48","01","86","45","","GP","L","1","","USCHS","N"
"","41635","4000","48","00","86","45","","GP","L","1","","USCHS","N"
"","41635","4000","48","02","86","45","","GP","L","1","","USCHS","N"
"","41635","4000","48","04","86","45","","GP","L","1","","USCHS","N"
"","41635","3800","48","06","86","45","","GP","L","1","","USCHS","N"
"","41635","4000","48","08","86","45","","GP","L","1","","USCHS","N"
"","41630","2200","29","00","02","20","","GP","L","2","","USCHS","N"
"","41630","2200","27","00","02","20","","GP","L","2","","USCHS","N"
"","41630","2200","27","02","02","20","","GP","L","2","","USCHS","N"
"","41630","2200","29","02","02","20","","GP","L","2","","USCHS","N"
"","41630","2000","29","00","04","20","","GP","L","2","","USCHS","N"
"","41630","2200","27","00","04","20","","GP","L","2","","USCHS","N"
"","41630","2000","29","02","04","20","","GP","L","2","","USCHS","N"
"","41630","1700","27","02","04","20","","GP","L","2","","USCHS","N"
"","41630","2200","29","00","06","20","","GP","L","2","","USCHS","N"
"","41630","2200","27","00","06","20","","GP","L","2","","USCHS","N"
"","41630","2200","27","02","06","20","","GP","L","2","","USCHS","N"
"","41630","2200","29","02","06","20","","GP","L","2","","USCHS","N"
"","41624","2200","05","11","82","20","","GP","L","2","","USCHS","N"
"","41624","2000","03","11","82","20","","GP","L","2","","USCHS","N"
"","41624","2200","05","12","82","20","","GP","L","2","","USCHS","N"
"","41624","2200","03","12","82","20","","GP","L","2","","USCHS","N"
"","41624","2000","05","09","86","20","","GP","L","2","","USCHS","N"
"","41624","2300","03","12","84","20","","GP","L","2","","USCHS","N"
"","41624","2200","05","12","84","20","","GP","L","2","","USCHS","N"
"","41636","3600","52","05","10","40","","GP","L","1","","USSAV","N"
"","41636","3800","52","06","02","40","","GP","L","1","","USSAV","N"
"","41636","4000","52","07","04","40","","GP","L","1","","USSAV","N"
"","41636","3800","52","05","04","40","","GP","L","1","","USSAV","N"
"","41636","3800","52","06","04","40","","GP","L","1","","USSAV","N"
"","41624","2200","03","09","86","20","","GP","L","2","","USCHS","N"
"","41624","2200","05","10","86","20","","GP","L","2","","USCHS","N"
"","41624","2300","03","10","86","20","","GP","L","2","","USCHS","N"
"","41624","2000","05","12","86","20","","GP","L","2","","USCHS","N"
"","41624","2000","03","12","86","20","","GP","L","2","","USCHS","N"
"","41636","3600","52","08","10","40","","GP","L","1","","USSAV","N"
"","41636","3600","52","09","06","40","","GP","L","1","","USSAV","N"
"","41636","3800","52","07","06","40","","GP","L","1","","USSAV","N"
"","41636","3800","52","05","06","40","","GP","L","1","","USSAV","N"
"","41636","3600","52","06","06","40","","GP","L","1","","USSAV","N"
"","41636","4000","52","08","06","40","","GP","L","1","","USSAV","N"
"","41636","3600","52","10","06","40","","GP","L","1","","USSAV","N"
"","41636","3600","52","09","08","40","","GP","L","1","","USSAV","N"
"","41636","3800","52","07","08","40","","GP","L","1","","USSAV","N"
"","41636","3860","52","05","08","40","","GP","L","1","","USSAV","N"
"","41636","4000","52","06","08","40","","GP","L","1","","USSAV","N"
"","41636","3800","52","08","08","40","","GP","L","1","","USSAV","N"
"","41636","3800","52","10","08","40","","GP","L","1","","USSAV","N"
"","41636","4000","52","09","10","40","","GP","L","1","","USSAV","N"
"","41636","3800","52","07","10","40","","GP","L","1","","USSAV","N"
"","41636","3600","52","05","02","40","","HC","L","1","","USSAV","N"
"","41636","3800","52","06","10","40","","GP","L","1","","USSAV","N"
"","41636","3600","52","08","04","40","","GP","L","1","","USSAV","N"
"","41636","3800","52","10","10","40","","GP","L","1","","USSAV","N"
"","41636","3800","52","09","12","40","","GP","L","1","","USSAV","N"
"","41636","4000","52","07","12","40","","GP","L","1","","USSAV","N"
"","41636","3800","52","05","12","40","","GP","L","1","","USSAV","N"
"","41636","3600","52","06","12","40","","GP","L","1","","USSAV","N"
"","41636","3600","52","08","12","40","","GP","L","1","","USSAV","N"
"","41636","4000","52","10","12","40","","GP","L","1","","USSAV","N"
"","41636","3800","52","09","14","40","","GP","L","1","","USSAV","N"
"","41636","3800","52","07","14","40","","GP","L","1","","USSAV","N"
"","41636","3600","52","05","14","40","","GP","L","1","","USSAV","N"
"","41636","3800","52","06","14","40","","GP","L","1","","USSAV","N"
"","41636","3600","52","08","14","40","","GP","L","1","","USSAV","N"
"","41636","3800","52","10","14","40","","GP","L","1","","USSAV","N"
"","41636","3600","52","09","16","40","","GP","L","1","","USSAV","N"
"","41636","4000","52","07","16","40","","GP","L","1","","USSAV","N"
"","41636","3800","52","05","16","40","","GP","L","1","","USSAV","N"
"","41636","3600","52","06","16","40","","GP","L","1","","USSAV","N"
"","41636","3800","52","08","16","40","","GP","L","1","","USSAV","N"
"","41636","3800","52","10","16","40","","GP","L","1","","USSAV","N"
"","41634","3800","44","01","82","40","","GP","L","1","","USSAV","N"
"","41634","3600","44","00","82","40","","GP","L","1","","USSAV","N"
"","41634","3800","44","02","82","40","","GP","L","1","","USSAV","N"
"","41634","3800","44","01","84","40","","GP","L","1","","USSAV","N"
"","41634","3600","44","00","84","40","","GP","L","1","","USSAV","N"
"","41634","3600","44","02","84","40","","GP","L","1","","USSAV","N"
"","41634","3800","44","01","86","40","","GP","L","1","","USSAV","N"
"","41634","3800","44","00","86","40","","GP","L","1","","USSAV","N"
"","41634","3600","44","02","86","40","","GP","L","1","","USSAV","N"
"","41634","4000","44","01","16","40","","GP","L","1","","USSAV","N"
"","41634","3800","44","00","16","40","","GP","L","1","","USSAV","N"
"","41634","4000","44","02","16","40","","GP","L","1","","USSAV","N"
"","41637","3800","56","02","82","40","","GP","L","1","","USSAV","N"
"","41637","3600","56","04","82","40","","GP","L","1","","USSAV","N"
"","41637","3600","56","06","82","40","","GP","L","1","","USSAV","N"
"","41637","3600","56","08","82","40","","GP","L","1","","USSAV","N"
"","41637","3600","56","10","82","40","","GP","L","1","","USSAV","N"
"","41637","3600","56","12","82","40","","GP","L","1","","USSAV","N"
"","41629","4000","24","11","82","40","","GP","L","1","","USSAV","N"
"","41629","3800","24","11","84","40","","GP","L","1","","USSAV","N"
"","41629","3800","24","08","82","40","","GP","L","1","","USSAV","N"
"","41629","3600","24","10","82","40","","GP","L","1","","USSAV","N"
"","41629","3800","24","12","82","40","","GP","L","1","","USSAV","N"
"","41623","2200","01","07","82","20","","GP","L","1","","USSAV","N"
"","41625","2200","09","07","14","20","","GP","L","1","","USSAV","N"
"","41625","2200","09","07","12","20","","GP","L","1","","USSAV","N"
"","41634","4000","44","01","10","40","","GP","L","1","","USSAV","N"
"","41634","3800","44","00","10","40","","GP","L","1","","USSAV","N"
"","41637","3600","56","00","16","40","","OT","L","1","","USSAV","N"
"","41634","3600","44","02","10","40","","GP","L","1","","USSAV","N"
"","41634","3600","44","01","12","40","","GP","L","1","","USSAV","N"
"","41634","3800","44","00","12","40","","GP","L","1","","USSAV","N"
"","41634","3800","44","02","12","40","","GP","L","1","","USSAV","N"
"","41634","3600","44","01","14","40","","GP","L","1","","USSAV","N"
"","41634","3600","44","00","14","40","","GP","L","1","","USSAV","N"
"","41634","3600","44","02","14","40","","GP","L","1","","USSAV","N"
"","41631","3780","32","01","10","40","","GP","L","1","","USSAV","N"
"","41631","3600","32","00","10","40","","GP","L","1","","USSAV","N"
"","41631","3800","32","02","10","40","","GP","L","1","","USSAV","N"
"","41631","3600","32","01","12","40","","GP","L","1","","USSAV","N"
"","41631","3600","32","00","12","40","","GP","L","1","","USSAV","N"
"","41637","3600","56","03","16","40","","OT","L","1","","USSAV","N"
"","41637","3600","56","01","16","40","","OT","L","1","","USSAV","N"
"","41637","3600","56","02","16","40","","OT","L","1","","USSAV","N"
"","41637","3600","56","04","16","40","","OT","L","1","","USSAV","N"
"","41631","3600","32","02","12","40","","GP","L","1","","USSAV","N"
"","41631","3600","32","01","14","40","","GP","L","1","","USSAV","N"
"","41631","3600","32","00","14","40","","GP","L","1","","USSAV","N"
"","41631","3600","32","02","14","40","","GP","L","1","","USSAV","N"
"","41626","3800","12","12","86","40","","GP","L","1","","USCHS","N"
"","41637","3800","56","11","82","40","","GP","L","1","","USSAV","N"
"","41637","4000","56","09","82","40","","GP","L","1","","USSAV","N"
"","41637","3800","56","07","82","40","","GP","L","1","","USSAV","N"
"","41637","4000","56","05","82","40","","GP","L","1","","USSAV","N"
"","41637","4000","56","11","86","40","","GP","L","1","","USSAV","N"
"","41637","4000","56","03","82","40","","GP","L","1","","USSAV","N"
"","41637","3800","56","01","82","40","","GP","L","1","","USSAV","N"
"","41637","3800","56","00","82","40","","GP","L","1","","USSAV","N"
"","41625","2200","09","12","82","20","","GP","L","1","","USSAV","N"
"","41625","2200","09","12","84","20","","GP","L","2","","USSAV","N"
"","41625","2200","07","12","84","20","","GP","L","2","","USSAV","N"
"","41633","2200","41","07","02","20","","GP","L","2","","USILM","N"
"","41633","2200","39","07","02","20","","GP","L","2","","USILM","N"
"","41633","2200","39","08","02","20","","GP","L","2","","USILM","N"
"","41633","2200","41","08","02","20","","GP","L","2","","USILM","N"
"","41633","2200","41","09","04","20","","GP","L","2","","USILM","N"
"","41633","2200","39","09","04","20","","GP","L","2","","USILM","N"
"","41633","2000","41","07","04","20","","GP","L","2","","USILM","N"
"","41633","2000","39","07","04","20","","GP","L","2","","USILM","N"
"","41633","2200","41","08","04","20","","GP","L","2","","USILM","N"
"","41633","2000","39","08","04","20","","GP","L","2","","USILM","N"
"","41633","2000","41","10","04","20","","GP","L","2","","USILM","N"
"","41633","2000","39","10","04","20","","GP","L","2","","USILM","N"
"","41633","2200","41","09","06","20","","GP","L","2","","USILM","N"
"","41633","2000","39","09","06","20","","GP","L","2","","USILM","N"
"","41633","2200","39","07","06","20","","GP","L","2","","USILM","N"
"","41633","2200","41","07","06","20","","GP","L","2","","USILM","N"
"","41633","2200","41","08","06","20","","GP","L","2","","USILM","N"
"","41633","2200","39","08","06","20","","GP","L","2","","USILM","N"
"","41633","2200","41","10","06","20","","GP","L","2","","USILM","N"
"","41633","2200","39","10","06","20","","GP","L","2","","USILM","N"
"","41633","2200","41","09","08","20","","GP","L","2","","USILM","N"
"","41633","2200","39","09","08","20","","GP","L","2","","USILM","N"
"","41633","2200","41","07","08","20","","GP","L","2","","USILM","N"
"","41633","2200","39","07","08","20","","GP","L","2","","USILM","N"
"","41633","2000","39","08","08","20","","GP","L","2","","USILM","N"
"","41633","2200","41","08","08","20","","GP","L","2","","USILM","N"
"","41633","2300","41","10","08","20","","GP","L","2","","USILM","N"
"","41633","2300","39","10","08","20","","GP","L","2","","USILM","N"
"","41633","2000","41","05","02","20","","GP","L","2","","USILM","N"
"","41633","2200","39","05","02","20","","GP","L","2","","USILM","N"
"","41633","2200","39","09","10","20","","GP","L","2","","USILM","N"
"","41633","2200","41","09","10","20","","GP","L","2","","USILM","N"
"","41633","2200","41","10","10","20","","GP","L","2","","USILM","N"
"","41633","2200","39","10","10","20","","GP","L","2","","USILM","N"
"","41623","2000","01","06","84","20","","GP","L","1","","USILM","N"
"","41635","2200","47","10","82","20","","GP","L","2","","USCHS","N"
"","41635","2000","49","09","86","20","","GP","L","2","","USCHS","N"
"","41635","2000","47","09","84","20","","GP","L","2","","USCHS","N"
"","41623","2200","01","04","84","20","","GP","L","1","","USILM","N"
"","41623","2200","01","04","82","20","","GP","L","1","","USILM","N"
"","41630","3600","28","06","12","40","","GP","L","1","","USCHS","N"
"","41630","3600","28","08","12","40","","GP","L","1","","USCHS","N"
"","41630","3600","28","06","14","40","","GP","L","1","","USCHS","N"
"","41630","3600","28","08","14","40","","GP","L","1","","USCHS","N"
"","41630","3600","28","01","82","40","","GP","L","1","","USCHS","N"
"","41630","3600","28","00","82","40","","HC","L","1","","USCHS","N"
"","41630","3600","28","02","82","40","","HC","L","1","","USCHS","N"
"","41630","3800","28","02","84","40","","GP","L","1","","USCHS","N"
"","41630","3800","28","00","84","40","","GP","L","1","","USCHS","N"
"","41630","4000","28","00","86","40","","GP","L","1","","USCHS","N"
"","41630","3800","28","01","84","40","","GP","L","1","","USCHS","N"
"","41630","3800","28","01","86","40","","GP","L","1","","USCHS","N"
"","41630","3800","28","10","10","40","","GP","L","1","","USCHS","N"
"","41630","3800","28","10","12","40","","GP","L","1","","USCHS","N"
"","41630","4000","28","10","14","40","","GP","L","1","","USCHS","N"
"","41630","3600","28","03","02","40","","GP","L","1","","USCHS","N"
"","41630","3400","28","01","02","40","","GP","L","1","","USCHS","N"
"","41630","3800","28","04","02","40","","GP","L","1","","USCHS","N"
"","41630","3400","28","03","04","40","","GP","L","1","","USCHS","N"
"","41630","3800","28","01","04","40","","GP","L","1","","USCHS","N"
"","41630","4000","28","04","04","40","","GP","L","1","","USCHS","N"
"","41630","3860","28","03","06","40","","GP","L","1","","USCHS","N"
"","41630","3800","28","01","06","40","","GP","L","1","","USCHS","N"
"","41630","3800","28","04","06","40","","GP","L","1","","USCHS","N"
"","41630","3800","28","03","08","40","","GP","L","1","","USCHS","N"
"","41630","3800","28","01","08","40","","GP","L","1","","USCHS","N"
"","41630","3800","28","00","08","40","","GP","L","1","","USCHS","N"
"","41630","3600","28","02","08","40","","GP","L","1","","USCHS","N"
"","41630","3600","28","04","08","40","","GP","L","1","","USCHS","N"
"","41630","3800","28","03","10","40","","GP","L","1","","USCHS","N"
"","41630","3860","28","01","10","40","","GP","L","1","","USCHS","N"
"","41630","3600","28","00","10","40","","GP","L","1","","USCHS","N"
"","41630","3600","28","02","10","40","","GP","L","1","","USCHS","N"
"","41630","3800","28","04","10","40","","GP","L","1","","USCHS","N"
"","41630","3600","28","03","12","40","","GP","L","1","","USCHS","N"
"","41630","3800","28","01","12","40","","GP","L","1","","USCHS","N"
"","41630","4000","28","00","12","40","","GP","L","1","","USCHS","N"
"","41630","3800","28","02","12","40","","GP","L","1","","USCHS","N"
"","41630","3600","28","04","12","40","","HC","L","1","","USCHS","N"
"","41630","3600","28","03","14","40","","GP","L","1","","USCHS","N"
"","41630","3800","28","01","14","40","","GP","L","1","","USCHS","N"
"","41630","4000","28","00","14","40","","GP","L","1","","USCHS","N"
"","41630","3600","28","02","14","40","","GP","L","1","","USCHS","N"
"","41630","3600","28","04","14","40","","GP","L","1","","USCHS","N"
"","41630","3600","28","03","16","40","","GP","L","1","","USCHS","N"
"","41630","3800","28","01","16","40","","GP","L","1","","USCHS","N"
"","41630","3600","28","00","16","40","","GP","L","1","","USCHS","N"
"","41630","3800","28","02","16","40","","GP","L","1","","USCHS","N"
"","41630","4000","28","04","16","40","","GP","L","1","","USCHS","N"
"","41624","3800","04","07","82","40","","GP","L","1","","USCHS","N"
"","41624","3800","04","05","82","40","","GP","L","1","","USCHS","N"
"","41624","3800","04","03","82","40","","GP","L","1","","USCHS","N"
"","41624","3800","04","08","82","40","","GP","L","1","","USCHS","N"
"","41624","4000","04","07","84","40","","GP","L","1","","USCHS","N"
"","41624","3800","04","05","84","40","","GP","L","1","","USCHS","N"
"","41624","4000","04","03","84","40","","GP","L","1","","USCHS","N"
"","41624","4000","04","08","84","40","","GP","L","1","","USCHS","N"
"","41624","3800","04","07","86","40","","GP","L","1","","USCHS","N"
"","41624","3600","04","05","86","40","","GP","L","1","","USCHS","N"
"","41624","3600","04","03","86","40","","GP","L","1","","USCHS","N"
"","41624","3600","04","08","86","40","","GP","L","1","","USCHS","N"
"","41626","4000","12","09","82","40","","GP","L","1","","USCHS","N"
"","41626","4000","12","07","82","40","","GP","L","1","","USCHS","N"
"","41626","4000","12","08","82","40","","GP","L","1","","USCHS","N"
"","41626","4000","12","10","82","40","","GP","L","1","","USCHS","N"
"","41626","3800","12","12","82","40","","GP","L","1","","USCHS","N"
"","41626","3800","12","11","84","40","","GP","L","1","","USCHS","N"
"","41626","4000","12","09","84","40","","GP","L","1","","USCHS","N"
"","41626","4000","12","07","84","40","","GP","L","1","","USCHS","N"
"","41626","4000","12","06","84","40","","GP","L","1","","USCHS","N"
"","41626","4000","12","08","84","40","","GP","L","1","","USCHS","N"
"","41626","3800","12","10","84","40","","GP","L","1","","USCHS","N"
"","41626","3800","12","12","84","40","","GP","L","1","","USCHS","N"
"","41626","3800","12","11","86","40","","GP","L","1","","USCHS","N"
"","41626","4000","12","09","86","40","","GP","L","1","","USCHS","N"
"","41626","3800","12","07","86","40","","GP","L","1","","USCHS","N"
"","41626","4000","12","04","86","40","","GP","L","1","","USCHS","N"
"","41626","3800","12","06","86","40","","GP","L","1","","USCHS","N"
"","41626","4000","12","08","86","40","","GP","L","1","","USCHS","N"
"","41626","4000","12","10","86","40","","GP","L","1","","USCHS","N"
"","41633","3600","40","04","82","40","","GP","L","1","","USILM","N"
"","41631","2000","31","01","04","20","","GP","L","2","","USSAV","N"
"","41631","2000","33","00","04","20","","GP","L","2","","USSAV","N"
"","41631","2000","31","00","04","20","","GP","L","2","","USSAV","N"
"","41631","2000","33","02","04","20","","GP","L","2","","USSAV","N"
"","41631","2000","31","02","04","20","","GP","L","2","","USSAV","N"
"","41631","2000","33","01","06","20","","GP","L","2","","USSAV","N"
"","41631","2000","31","01","06","20","","GP","L","2","","USSAV","N"
"","41631","2000","33","00","06","20","","GP","L","2","","USSAV","N"
"","41631","2000","31","00","06","20","","GP","L","2","","USSAV","N"
"","41631","2000","33","02","06","20","","GP","L","2","","USSAV","N"
"","41631","2000","31","02","06","20","","GP","L","2","","USSAV","N"
"","41631","2000","33","01","08","20","","GP","L","2","","USSAV","N"
"","41631","2000","31","01","08","20","","GP","L","2","","USSAV","N"
"","41631","2200","31","00","08","20","","GP","L","2","","USSAV","N"
"","41631","2200","33","00","08","20","","GP","L","2","","USSAV","N"
"","41631","2200","33","02","08","20","","GP","L","2","","USSAV","N"
"","41631","2200","31","02","08","20","","GP","L","2","","USSAV","N"
"","41637","2000","57","07","08","20","","GP","L","1","","USSAV","N"
"","41637","2000","57","05","08","20","","GP","L","1","","USSAV","N"
"","41637","2000","57","03","08","20","","GP","L","1","","USSAV","N"
"","41637","2000","57","01","08","20","","GP","L","1","","USSAV","N"
"","41637","2000","57","00","08","20","","GP","L","1","","USSAV","N"
"","41637","2000","57","02","08","20","","GP","L","1","","USSAV","N"
"","41637","2000","57","04","08","20","","GP","L","1","","USSAV","N"
"","41637","2000","57","06","08","20","","GP","L","1","","USSAV","N"
"","41637","2000","57","08","08","20","","GP","L","1","","USSAV","N"
"","41637","2000","57","05","10","20","","GP","L","1","","USSAV","N"
"","41637","2200","57","03","10","20","","GP","L","1","","USSAV","N"
"","41637","2200","57","01","10","20","","GP","L","1","","USSAV","N"
"","41637","2200","57","00","10","20","","GP","L","1","","USSAV","N"
"","41637","2200","57","02","10","20","","GP","L","1","","USSAV","N"
"","41637","2200","57","04","10","20","","GP","L","1","","USSAV","N"
"","41637","2200","57","05","12","20","","GP","L","1","","USSAV","N"
"","41637","2200","57","03","12","20","","GP","L","1","","USSAV","N"
"","41637","2200","57","01","12","20","","GP","L","1","","USSAV","N"
"","41637","2200","57","00","12","20","","GP","L","1","","USSAV","N"
"","41637","2200","57","02","12","20","","GP","L","1","","USSAV","N"
"","41637","2200","57","04","12","20","","GP","L","1","","USSAV","N"
"","41637","2200","57","05","14","20","","GP","L","1","","USSAV","N"
"","41637","2000","57","03","14","20","","GP","L","1","","USSAV","N"
"","41637","2300","57","01","14","20","","GP","L","1","","USSAV","N"
"","41637","2200","57","00","14","20","","GP","L","1","","USSAV","N"
"","41637","2000","57","02","14","20","","GP","L","1","","USSAV","N"
"","41637","2200","57","04","14","20","","GP","L","1","","USSAV","N"
"","41637","2200","55","09","10","20","","GP","L","2","","USSAV","N"
"","41637","2200","57","09","10","20","","GP","L","2","","USSAV","N"
"","41637","2000","55","07","10","20","","GP","L","2","","USSAV","N"
"","41637","2200","57","07","10","20","","GP","L","2","","USSAV","N"
"","41637","2300","55","06","10","20","","GP","L","2","","USSAV","N"
"","41637","2200","57","06","10","20","","GP","L","2","","USSAV","N"
"","41637","2200","55","08","10","20","","GP","L","2","","USSAV","N"
"","41637","2200","57","08","10","20","","GP","L","2","","USSAV","N"
"","41635","2200","47","09","82","20","","GP","L","2","","USCHS","N"
"","41635","2000","49","10","86","20","","GP","L","2","","USCHS","N"
"","41635","2200","47","10","86","20","","GP","L","2","","USCHS","N"
"","41631","3600","32","00","82","40","","GP","L","1","","USSAV","N"
"","41631","3600","32","02","82","40","","GP","L","1","","USSAV","N"
"","41631","3600","32","01","84","40","","GP","L","1","","USSAV","N"
"","41631","3600","32","00","84","40","","GP","L","1","","USSAV","N"
"","41631","3600","32","02","84","40","","GP","L","1","","USSAV","N"
"","41631","3600","32","01","86","40","","HC","L","1","","USSAV","N"
"","41631","3990","32","00","86","40","","GP","L","1","","USSAV","N"
"","41631","3600","32","02","86","40","","HC","L","1","","USSAV","N"
"","41625","3900","08","11","84","40","","GP","L","1","","USSAV","N"
"","41625","3800","08","09","84","40","","GP","L","1","","USSAV","N"
"","41635","2000","47","10","84","20","","GP","L","2","","USCHS","N"
"","41635","2200","47","09","86","20","","GP","L","2","","USCHS","N"
"","41635","3800","48","09","04","40","","GP","L","1","","USCHS","N"
"","41635","3600","48","09","06","40","","GP","L","1","","USCHS","N"
"","41635","3800","48","09","08","40","","GP","L","1","","USCHS","N"
"","41635","3800","48","07","10","40","","GP","L","1","","USCHS","N"
"","41635","3400","48","09","12","40","","GP","L","1","","USCHS","N"
"","41635","3800","48","03","12","40","","GP","L","1","","USCHS","N"
"","41635","3600","48","09","14","40","","GP","L","1","","USCHS","N"
"","41635","3600","48","03","14","40","","GP","L","1","","USCHS","N"
"","41635","4000","48","09","16","40","","GP","L","1","","USCHS","N"
"","41635","3600","48","03","16","40","","HC","L","1","","USCHS","N"
"","41625","3600","08","07","16","40","","GP","L","1","","USSAV","N"
"","41636","3800","52","03","02","40","","GP","L","1","","USSAV","N"
"","41636","3800","52","04","02","40","","GP","L","1","","USSAV","N"
"","41625","3800","08","07","84","40","","GP","L","1","","USSAV","N"
"","41625","4000","08","05","84","40","","GP","L","1","","USSAV","N"
"","41625","4000","08","09","86","40","","GP","L","1","","USSAV","N"
"","41625","3800","08","07","86","40","","GP","L","1","","USSAV","N"
"","41625","3800","08","03","84","40","","GP","L","1","","USSAV","N"
"","41625","3800","08","05","86","40","","GP","L","1","","USSAV","N"
"","41625","3800","08","03","86","40","","GP","L","1","","USSAV","N"
"","41625","3800","08","02","86","40","","GP","L","1","","USSAV","N"
"","41625","3800","08","04","86","40","","GP","L","1","","USSAV","N"
"","41625","3800","08","06","86","40","","GP","L","1","","USSAV","N"
"","41625","3800","08","08","86","40","","GP","L","1","","USSAV","N"
"","41625","4000","08","10","86","40","","GP","L","1","","USSAV","N"
"","41637","3800","56","11","84","40","","GP","L","1","","USSAV","N"
"","41637","4000","56","09","84","40","","GP","L","1","","USSAV","N"
"","41637","3800","56","07","84","40","","GP","L","1","","USSAV","N"
"","41637","4000","56","05","84","40","","GP","L","1","","USSAV","N"
"","41637","3800","56","03","84","40","","GP","L","1","","USSAV","N"
"","41637","3800","56","01","84","40","","GP","L","1","","USSAV","N"
"","41637","3600","56","00","84","40","","GP","L","1","","USSAV","N"
"","41637","3600","56","10","10","40","","GP","L","1","","USSAV","N"
"","41637","3600","56","09","12","40","","GP","L","1","","USSAV","N"
"","41637","3600","56","07","12","40","","GP","L","1","","USSAV","N"
"","41637","3600","56","06","12","40","","GP","L","1","","USSAV","N"
"","41637","3600","56","08","12","40","","GP","L","1","","USSAV","N"
"","41637","4000","56","05","16","40","","GP","L","1","","USSAV","N"
"","41637","3800","56","02","84","40","","GP","L","1","","USSAV","N"
"","41637","4000","56","04","84","40","","GP","L","1","","USSAV","N"
"","41637","3800","56","06","84","40","","GP","L","1","","USSAV","N"
"","41637","3800","56","09","86","40","","GP","L","1","","USSAV","N"
"","41637","4000","56","07","86","40","","GP","L","1","","USSAV","N"
"","41637","3600","56","05","86","40","","GP","L","1","","USSAV","N"
"","41637","3800","56","08","84","40","","GP","L","1","","USSAV","N"
"","41637","3800","56","10","84","40","","GP","L","1","","USSAV","N"
"","41637","3600","56","12","84","40","","GP","L","1","","USSAV","N"
"","41637","3600","56","03","86","40","","GP","L","1","","USSAV","N"
"","41637","3600","56","01","86","40","","GP","L","1","","USSAV","N"
"","41637","3600","56","00","86","40","","GP","L","1","","USSAV","N"
"","41637","3600","56","02","86","40","","GP","L","1","","USSAV","N"
"","41637","3780","56","04","86","40","","GP","L","1","","USSAV","N"
"","41637","3800","56","06","86","40","","GP","L","1","","USSAV","N"
"","41637","3800","56","08","86","40","","GP","L","1","","USSAV","N"
"","41637","3800","56","10","86","40","","GP","L","1","","USSAV","N"
"","41637","3800","56","12","86","40","","GP","L","1","","USSAV","N"
"","41636","3800","52","03","04","40","","GP","L","1","","USSAV","N"
"","41636","4000","52","04","04","40","","GP","L","1","","USSAV","N"
"","41636","3800","52","03","06","40","","GP","L","1","","USSAV","N"
"","41636","3800","52","04","06","40","","GP","L","1","","USSAV","N"
"","41636","3800","52","03","08","40","","GP","L","1","","USSAV","N"
"","41636","3800","52","04","08","40","","GP","L","1","","USSAV","N"
"","41636","3800","52","03","10","40","","GP","L","1","","USSAV","N"
"","41636","4000","52","04","10","40","","GP","L","1","","USSAV","N"
"","41636","3800","52","03","12","40","","GP","L","1","","USSAV","N"
"","41636","4000","52","04","12","40","","GP","L","1","","USSAV","N"
"","41636","4000","52","03","14","40","","GP","L","1","","USSAV","N"
"","41636","3600","52","04","14","40","","GP","L","1","","USSAV","N"
"","41625","4000","08","11","82","40","","GP","L","1","","USSAV","N"
"","41625","3800","08","09","82","40","","GP","L","1","","USSAV","N"
"","41625","3800","08","07","82","40","","GP","L","1","","USSAV","N"
"","41625","3800","08","05","82","40","","GP","L","1","","USSAV","N"
"","41625","3800","08","03","82","40","","GP","L","1","","USSAV","N"
"","41631","3600","32","01","82","40","","GP","L","1","","USSAV","N"
"","41623","2200","01","07","82","20","","GP","D","1","","USBOS","N"
"","41623","2200","01","07","84","20","","GP","D","1","","USBOS","N"
"","41623","2200","01","09","82","20","","GP","D","1","","USBOS","N"
"","41623","2200","01","09","84","20","","GP","D","1","","USBOS","N"
"","41625","3600","08","03","82","40","","GP","D","1","","USBOS","N"
"","41625","3600","08","03","84","40","","GP","D","1","","USBOS","N"
"","41625","4200","08","03","86","45","","GP","D","1","","USBOS","N"
"","41625","3600","08","05","82","40","","GP","D","1","","USBOS","N"
"","41625","3600","08","05","84","40","","GP","D","1","","USBOS","N"
"","41625","3600","08","07","82","40","","GP","D","1","","USBOS","N"
"","41625","3600","08","07","84","40","","GP","D","1","","USBOS","N"
"","41625","3600","08","09","82","40","","GP","D","1","","USBOS","N"
"","41625","3600","08","09","84","40","","GP","D","1","","USBOS","N"
"","41625","3600","08","11","82","40","","GP","D","1","","USBOS","N"
"","41623","2200","01","08","82","20","","GP","D","1","","USBOS","N"
"","41623","2200","01","08","84","20","","GP","D","1","","USBOS","N"
"","41635","3600","48","02","82","40","","GP","D","1","","USBOS","N"
"","41635","3600","48","02","84","40","","GP","D","1","","USBOS","N"
"","41635","3600","48","01","82","40","","GP","D","1","","USBOS","N"
"","41635","3600","48","01","84","40","","GP","D","1","","USBOS","N"
"","41635","3600","48","00","82","40","","GP","D","1","","USBOS","N"
"","41635","3600","48","00","84","40","","GP","D","1","","USBOS","N"
"","41623","2200","01","10","82","20","","GP","D","1","","USBOS","N"
"","41623","2200","01","00","12","20","","GP","D","1","","USILM","Y"
"","41623","2200","01","00","14","20","","GP","D","1","","USILM","Y"
"","41623","2200","01","00","16","20","","GP","D","1","","USILM","Y"
"","41623","2200","01","00","82","20","","GP","D","1","","KRPUS","Y"
"","41623","2200","01","03","16","20","","GP","D","1","","USILM","Y"
"","41623","2200","01","03","82","20","","GP","D","1","","USCHS","Y"
"","41623","2200","01","05","82","20","","GP","D","1","","KRPUS","Y"
"","41623","2200","01","05","84","20","","GP","D","1","","KRPUS","Y"
"","41623","2200","01","00","84","20","","GP","D","1","","KRPUS","Y"
"","41623","2200","01","01","14","20","","GP","D","1","","USILM","Y"
"","41623","2200","01","01","16","20","","GP","D","1","","USILM","Y"
"","41623","2200","01","01","82","20","","GP","D","1","","KRPUS","Y"
"","41628","2200","21","02","02","20","","GP","D","1","","USLGB","Y"
"","41628","2200","21","02","04","20","","GP","D","1","","USILM","Y"
"","41628","2200","21","02","06","20","","GP","D","1","","USILM","Y"
"","41628","2200","21","00","02","20","","GP","D","1","","USILM","Y"
"","41628","2200","21","00","04","20","","GP","D","1","","USILM","Y"
"","41628","2200","21","00","06","20","","GP","D","1","","USILM","Y"
"","41628","2200","21","05","02","20","","GP","D","1","","USILM","Y"
"","41628","2200","21","09","06","20","","GP","D","1","","USILM","Y"
"","41629","2200","23","02","02","20","","GP","D","1","","USSAV","Y"
"","41629","2200","23","02","04","20","","GP","D","1","","USSAV","Y"
"","41629","2200","23","02","06","20","","GP","D","1","","USSAV","Y"
"","41629","2200","23","00","02","20","","GP","D","1","","USSAV","Y"
"","41629","2200","23","00","04","20","","GP","D","1","","USSAV","Y"
"","41629","2200","23","00","06","20","","GP","D","1","","USSAV","Y"
"","41629","2200","23","01","02","20","","GP","D","1","","USSAV","Y"
"","41629","2200","23","01","04","20","","GP","D","1","","USSAV","Y"
"","41629","2200","23","01","06","20","","GP","D","1","","USSAV","Y"
"","41629","2200","23","01","08","20","","GP","D","1","","USSAV","Y"
"","41629","3600","24","10","06","40","","GP","D","1","","USSAV","Y"
"","41629","3600","24","10","08","40","","GP","D","1","","USSAV","Y"
"","41629","3600","24","10","10","40","","GP","D","1","","USSAV","Y"
"","41629","3600","24","10","12","40","","GP","D","1","","USSAV","Y"
"","41629","3600","24","10","14","40","","GP","D","1","","USSAV","Y"
"","41629","3600","24","10","16","40","","GP","D","1","","USSAV","Y"
"","41629","3600","24","08","04","40","","GP","D","1","","USSAV","Y"
"","41629","3600","24","08","06","40","","GP","D","1","","USSAV","Y"
"","41629","3600","24","08","08","40","","GP","D","1","","USSAV","Y"
"","41629","3600","24","08","10","40","","GP","D","1","","USSAV","Y"
"","41629","3600","24","08","12","40","","GP","D","1","","USSAV","Y"
"","41629","3600","24","08","14","40","","GP","D","1","","USSAV","Y"
"","41629","3600","24","08","16","40","","GP","D","1","","USSAV","Y"
"","41629","3600","24","06","02","40","","GP","D","1","","USSAV","Y"
"","41629","3600","24","06","04","40","","GP","D","1","","USSAV","Y"
"","41629","3600","24","06","06","40","","GP","D","1","","USSAV","Y"
"","41629","3600","24","06","08","40","","GP","D","1","","USSAV","Y"
"","41624","3600","04","06","16","40","","GP","D","1","","USCHS","Y"
"","41624","3600","04","06","82","40","","GP","D","1","","USCHS","Y"
"","41624","3600","04","06","84","40","","GP","D","1","","USCHS","Y"
"","41624","4200","04","06","86","45","","GP","D","1","","USCHS","Y"
"","41624","3600","04","04","14","40","","GP","D","1","","USCHS","Y"
"","41624","3600","04","04","16","40","","GP","D","1","","USCHS","Y"
"","41624","3600","04","04","82","40","","GP","D","1","","USCHS","Y"
"","41624","3600","04","04","84","40","","GP","D","1","","USCHS","Y"
"","41624","4200","04","04","86","45","","GP","D","1","","USCHS","Y"
"","41624","3600","04","02","10","40","","GP","D","1","","USCHS","Y"
"","41624","3600","04","02","12","40","","GP","D","1","","USCHS","Y"
"","41624","3600","04","02","14","40","","GP","D","1","","USCHS","Y"
"","41624","3600","04","02","16","40","","GP","D","1","","USCHS","Y"
"","41624","3600","04","02","82","40","","GP","D","1","","USCHS","Y"
"","41624","3600","04","02","84","40","","GP","D","1","","USCHS","Y"
"","41624","4200","04","02","86","45","","GP","D","1","","USCHS","Y"
"","41624","3600","04","00","06","40","","GP","D","1","","USCHS","Y"
"","41624","3600","04","00","08","40","","GP","D","1","","USCHS","Y"
"","41624","3600","04","00","10","40","","GP","D","1","","USCHS","Y"
"","41624","3600","04","00","12","40","","GP","D","1","","USCHS","Y"
"","41624","3600","04","00","14","40","","GP","D","1","","USCHS","Y"
"","41624","3600","04","00","16","40","","GP","D","1","","USCHS","Y"
"","41624","3600","04","00","82","40","","GP","D","1","","USCHS","Y"
"","41624","3600","04","00","84","40","","GP","D","1","","USCHS","Y"
"","41624","4200","04","00","86","45","","GP","D","1","","USCHS","Y"
"","41624","3600","04","01","10","40","","GP","D","1","","USCHS","Y"
"","41624","3600","04","01","12","40","","GP","D","1","","USCHS","Y"
"","41624","3600","04","01","14","40","","GP","D","1","","USCHS","Y"
"","41629","3600","24","06","10","40","","GP","D","1","","USSAV","Y"
"","41629","3600","24","06","12","40","","GP","D","1","","USSAV","Y"
"","41629","3600","24","00","16","40","","GP","D","1","","USSAV","Y"
"","41629","3600","24","00","82","40","","GP","D","1","","USSAV","Y"
"","41629","3600","24","06","14","40","","GP","D","1","","USSAV","Y"
"","41629","3600","24","06","82","40","","GP","D","1","","USSAV","Y"
"","41629","3600","24","06","84","40","","GP","D","1","","USSAV","Y"
"","41629","3600","24","06","86","40","","GP","D","1","","USSAV","Y"
"","41629","3600","24","04","02","40","","GP","D","1","","USSAV","Y"
"","41629","3600","24","04","04","40","","GP","D","1","","USSAV","Y"
"","41629","3600","24","04","06","40","","GP","D","1","","USSAV","Y"
"","41629","3600","24","04","08","40","","GP","D","1","","USSAV","Y"
"","41629","3600","24","04","10","40","","GP","D","1","","USSAV","Y"
"","41629","3600","24","04","12","40","","GP","D","1","","USSAV","Y"
"","41629","3600","24","04","14","40","","GP","D","1","","USSAV","Y"
"","41629","3600","24","04","82","40","","GP","D","1","","USSAV","Y"
"","41629","3600","24","04","84","40","","GP","D","1","","USSAV","Y"
"","41629","3600","24","04","86","40","","GP","D","1","","USSAV","Y"
"","41629","3600","24","02","08","40","","GP","D","1","","USSAV","Y"
"","41629","3600","24","02","10","40","","GP","D","1","","USSAV","Y"
"","41629","3600","24","02","12","40","","GP","D","1","","USSAV","Y"
"","41629","3600","24","02","14","40","","GP","D","1","","USSAV","Y"
"","41629","3600","24","02","82","40","","GP","D","1","","USSAV","Y"
"","41629","3600","24","02","84","40","","GP","D","1","","USSAV","Y"
"","41629","3600","24","02","86","40","","GP","D","1","","USSAV","Y"
"","41629","3600","24","00","08","40","","GP","D","1","","USSAV","Y"
"","41629","3600","24","00","10","40","","GP","D","1","","USSAV","Y"
"","41629","3600","24","00","12","40","","GP","D","1","","USSAV","Y"
"","41629","3600","24","00","14","40","","GP","D","1","","USSAV","Y"
"","41624","3600","04","01","16","40","","GP","D","1","","USCHS","Y"
"","41624","3600","04","01","82","40","","GP","D","1","","USCHS","Y"
"","41624","3600","04","01","84","40","","GP","D","1","","USCHS","Y"
"","41624","4200","04","01","86","45","","GP","D","1","","USCHS","Y"
"","41624","3600","04","03","14","40","","GP","D","1","","USCHS","Y"
"","41624","3600","04","03","16","40","","GP","D","1","","USCHS","Y"
"","41624","3600","04","05","16","40","","GP","D","1","","USCHS","Y"
"","41624","2200","05","06","14","20","","GP","D","1","","USCHS","Y"
"","41624","2200","05","04","12","20","","GP","D","1","","USCHS","Y"
"","41624","2200","05","02","06","20","","GP","D","1","","USCHS","Y"
"","41624","2200","05","02","08","20","","GP","D","1","","USCHS","Y"
"","41624","2200","05","01","06","20","","GP","D","1","","USCHS","Y"
"","41624","2200","05","01","08","20","","GP","D","1","","USCHS","Y"
"","41629","3600","24","00","84","40","","GP","D","1","","USSAV","Y"
"","41629","3600","24","00","86","40","","GP","D","1","","USSAV","Y"
"","41629","3600","24","01","10","40","","GP","D","1","","USSAV","Y"
"","41629","3600","24","01","12","40","","GP","D","1","","USSAV","Y"
"","41629","3600","24","01","14","40","","GP","D","1","","USSAV","Y"
"","41629","3600","24","01","16","40","","GP","D","1","","USSAV","Y"
"","41629","3600","24","01","82","40","","GP","D","1","","USSAV","Y"
"","41629","3600","24","01","84","40","","GP","D","1","","USSAV","Y"
"","41629","3600","24","01","86","40","","GP","D","1","","USSAV","Y"
"","41629","3600","24","03","02","40","","GP","D","1","","USSAV","Y"
"","41629","3600","24","03","04","40","","GP","D","1","","USSAV","Y"
"","41629","3600","24","03","06","40","","GP","D","1","","USSAV","Y"
"","41629","3600","24","03","08","40","","GP","D","1","","USSAV","Y"
"","41629","3600","24","03","10","40","","GP","D","1","","USSAV","Y"
"","41629","3600","24","03","12","40","","GP","D","1","","USSAV","Y"
"","41629","3600","24","03","14","40","","GP","D","1","","USSAV","Y"
"","41629","3600","24","03","82","40","","GP","D","1","","USSAV","Y"
"","41629","3600","24","03","84","40","","GP","D","1","","USSAV","Y"
"","41629","4200","24","03","86","45","","GP","D","1","","USSAV","Y"
"","41629","3600","24","05","02","40","","GP","D","1","","USSAV","Y"
"","41629","3600","24","05","04","40","","GP","D","1","","USSAV","Y"
"","41629","3600","24","05","06","40","","GP","D","1","","USSAV","Y"
"","41629","3600","24","05","08","40","","GP","D","1","","USSAV","Y"
"","41629","3600","24","05","10","40","","GP","D","1","","USSAV","Y"
"","41629","3600","24","05","12","40","","GP","D","1","","USSAV","Y"
"","41629","3600","24","05","14","40","","GP","D","1","","USSAV","Y"
"","41629","3600","24","05","82","40","","GP","D","1","","USSAV","Y"
"","41629","3600","24","05","84","40","","GP","D","1","","USSAV","Y"
"","41629","3600","24","07","04","40","","GP","D","1","","USSAV","Y"
"","41629","3600","24","07","06","40","","GP","D","1","","USSAV","Y"
"","41629","3600","24","07","08","40","","GP","D","1","","USSAV","Y"
"","41629","3600","24","07","10","40","","GP","D","1","","USSAV","Y"
"","41629","3600","24","07","12","40","","GP","D","1","","USSAV","Y"
"","41629","3600","24","07","14","40","","GP","D","1","","USSAV","Y"
"","41629","3600","24","07","16","40","","GP","D","1","","USSAV","Y"
"","41624","2200","05","05","14","20","","GP","D","1","","USCHS","Y"
"","41625","2200","07","12","82","20","","GP","D","1","","USATL","Y"
"","41625","3600","08","10","82","40","","GP","D","1","","USSAV","Y"
"","41625","3600","08","10","84","40","","GP","D","1","","USSAV","Y"
"","41624","2200","05","03","12","20","","GP","D","1","","USCHS","Y"
"","41625","3600","08","08","16","40","","GP","D","1","","USSAV","Y"
"","41625","3600","08","08","82","40","","GP","D","1","","USSAV","Y"
"","41625","3600","08","08","84","40","","GP","D","1","","USSAV","Y"
"","41625","3600","08","06","12","40","","GP","D","1","","USSAV","Y"
"","41625","3600","08","06","14","40","","GP","D","1","","USATL","Y"
"","41625","3600","08","06","16","40","","GP","D","1","","USSAV","Y"
"","41625","3600","08","06","82","40","","GP","D","1","","USSAV","Y"
"","41625","3600","08","06","84","40","","GP","D","1","","USSAV","Y"
"","41625","3600","08","04","08","40","","GP","D","1","","USSAV","Y"
"","41625","3600","08","04","10","40","","GP","D","1","","USSAV","Y"
"","41625","3600","08","04","12","40","","GP","D","1","","USSAV","Y"
"","41625","3600","08","04","14","40","","GP","D","1","","USATL","Y"
"","41625","3600","08","04","16","40","","GP","D","1","","USSAV","Y"
"","41625","3600","08","04","82","40","","GP","D","1","","USSAV","Y"
"","41625","3600","08","04","84","40","","GP","D","1","","USSAV","Y"
"","41625","3600","08","02","04","40","","GP","D","1","","USSAV","Y"
"","41625","3600","08","02","06","40","","GP","D","1","","USSAV","Y"
"","41625","3600","08","02","08","40","","GP","D","1","","USSAV","Y"
"","41625","3600","08","02","10","40","","GP","D","1","","USSAV","Y"
"","41625","3600","08","02","12","40","","GP","D","1","","USSAV","Y"
"","41625","3600","08","02","14","40","","GP","D","1","","USSAV","Y"
"","41625","3600","08","02","82","40","","GP","D","1","","USSAV","Y"
"","41625","3600","08","02","84","40","","GP","D","1","","USSAV","Y"
"","41625","3600","08","00","04","40","","GP","D","1","","USATL","Y"
"","41625","3600","08","00","06","40","","GP","D","1","","USSAV","Y"
"","41625","3600","08","00","08","40","","GP","D","1","","USSAV","Y"
"","41625","3600","08","00","10","40","","GP","D","1","","USATL","Y"
"","41625","3600","08","00","12","40","","GP","D","1","","USSAV","Y"
"","41625","3600","08","00","14","40","","GP","D","1","","USSAV","Y"
"","41629","3600","24","09","06","40","","GP","D","1","","USSAV","Y"
"","41629","3600","24","09","08","40","","GP","D","1","","USSAV","Y"
"","41629","3600","24","09","10","40","","GP","D","1","","USSAV","Y"
"","41629","3600","24","09","12","40","","GP","D","1","","USSAV","Y"
"","41629","3600","24","09","14","40","","GP","D","1","","USSAV","Y"
"","41629","3600","24","09","16","40","","GP","D","1","","USSAV","Y"
"","41629","2200","25","10","04","20","","GP","D","1","","USSAV","Y"
"","41629","2200","25","08","02","20","","GP","D","1","","USSAV","Y"
"","41629","2200","25","02","02","20","","GP","D","1","","USSAV","Y"
"","41629","2200","25","02","04","20","","GP","D","1","","USSAV","Y"
"","41629","2200","25","02","06","20","","GP","D","1","","USSAV","Y"
"","41629","2200","25","00","02","20","","GP","D","1","","USSAV","Y"
"","41629","2200","25","00","04","20","","GP","D","1","","USSAV","Y"
"","41629","2200","25","00","06","20","","GP","D","1","","USSAV","Y"
"","41629","2200","25","01","02","20","","GP","D","1","","USSAV","Y"
"","41629","2200","25","01","04","20","","GP","D","1","","USSAV","Y"
"","41629","2200","25","01","06","20","","GP","D","1","","USSAV","Y"
"","41629","2200","25","01","08","20","","GP","D","1","","USSAV","Y"
"","41629","2200","25","07","02","20","","GP","D","1","","USSAV","Y"
"","41629","2200","25","09","04","20","","GP","D","1","","USSAV","Y"
"","41632","2200","35","02","02","20","","GP","D","1","","USSAV","Y"
"","41632","2200","35","02","04","20","","GP","D","1","","USSAV","Y"
"","41632","2200","35","02","06","20","","GP","D","1","","USATL","Y"
"","41632","2200","35","00","02","20","","GP","D","1","","USSAV","Y"
"","41632","2200","35","00","04","20","","GP","D","1","","USSAV","Y"
"","41632","2200","35","00","06","20","","GP","D","1","","USSAV","Y"
"","41632","2200","35","01","02","20","","GP","D","1","","USSAV","Y"
"","41632","2200","35","01","04","20","","GP","D","1","","USSAV","Y"
"","41632","2200","35","01","06","20","","GP","D","1","","USSAV","Y"
"","41632","3600","36","12","82","40","","GP","D","1","","USSAV","Y"
"","41632","3600","36","12","84","40","","GP","D","1","","USSAV","Y"
"","41632","3600","36","12","86","40","","GP","D","1","","USSAV","Y"
"","41632","3600","36","10","04","40","","RF","D","1","","USSAV","Y"
"","41632","3600","36","10","06","40","","GP","D","1","","USSAV","Y"
"","41625","3600","08","00","82","40","","GP","D","1","","USSAV","Y"
"","41625","3600","08","00","84","40","","GP","D","1","","USSAV","Y"
"","41625","3600","08","00","86","40","","GP","D","1","","USSAV","Y"
"","41625","3600","08","01","04","40","","GP","D","1","","USSAV","Y"
"","41625","3600","08","01","06","40","","GP","D","1","","USSAV","Y"
"","41625","3600","08","01","08","40","","GP","D","1","","USSAV","Y"
"","41625","3600","08","01","10","40","","GP","D","1","","USSAV","Y"
"","41625","3600","08","01","12","40","","GP","D","1","","USSAV","Y"
"","41625","3600","08","01","14","40","","GP","D","1","","USSAV","Y"
"","41625","3600","08","01","82","40","","GP","D","1","","USSAV","Y"
"","41625","3600","08","01","84","40","","GP","D","1","","USSAV","Y"
"","41625","3600","08","01","86","40","","GP","D","1","","USSAV","Y"
"","41625","3600","08","03","08","40","","GP","D","1","","USSAV","Y"
"","41625","3600","08","03","10","40","","GP","D","1","","USSAV","Y"
"","41625","3600","08","03","12","40","","GP","D","1","","USSAV","Y"
"","41625","3600","08","03","14","40","","GP","D","1","","USSAV","Y"
"","41625","3600","08","03","16","40","","GP","D","1","","USSAV","Y"
"","41625","3600","08","05","12","40","","GP","D","1","","USSAV","Y"
"","41625","3600","08","05","14","40","","GP","D","1","","USSAV","Y"
"","41625","3600","08","05","16","40","","GP","D","1","","USSAV","Y"
"","41625","2200","09","08","12","20","","GP","D","1","","USSAV","Y"
"","41632","3600","36","10","08","40","","GP","D","1","","USSAV","Y"
"","41632","3600","36","10","10","40","","GP","D","1","","USSAV","Y"
"","41632","3600","36","10","12","40","","GP","D","1","","USSAV","Y"
"","41632","3600","36","10","14","40","","GP","D","1","","USSAV","Y"
"","41632","3600","36","10","82","40","","GP","D","1","","USJAX","Y"
"","41632","3600","36","10","84","40","","GP","D","1","","USSAV","Y"
"","41632","4200","36","10","86","45","","GP","D","1","","USSAV","Y"
"","41632","3600","36","08","02","40","","GP","D","1","","USSAV","Y"
"","41632","3600","36","08","04","40","","GP","D","1","","USSAV","Y"
"","41632","3600","36","08","06","40","","GP","D","1","","USSAV","Y"
"","41632","3600","36","08","08","40","","GP","D","1","","USSAV","Y"
"","41632","3600","36","08","10","40","","GP","D","1","","USSAV","Y"
"","41632","3600","36","08","12","40","","GP","D","1","","USSAV","Y"
"","41632","3600","36","08","14","40","","GP","D","1","","USATL","Y"
"","41632","3600","36","08","82","40","","GP","D","1","","USSAV","Y"
"","41632","3600","36","08","84","40","","GP","D","1","","USSAV","Y"
"","41632","4200","36","08","86","45","","GP","D","1","","USSAV","Y"
"","41632","3600","36","06","02","40","","GP","D","1","","USATL","Y"
"","41632","3600","36","06","04","40","","GP","D","1","","USSAV","Y"
"","41632","3600","36","06","06","40","","GP","D","1","","USSAV","Y"
"","41632","3600","36","06","08","40","","GP","D","1","","USSAV","Y"
"","41632","3600","36","06","10","40","","GP","D","1","","USSAV","Y"
"","41632","3600","36","06","12","40","","GP","D","1","","USSAV","Y"
"","41632","3600","36","06","14","40","","GP","D","1","","USSAV","Y"
"","41632","3600","36","06","82","40","","GP","D","1","","USSAV","Y"
"","41632","3600","36","06","84","40","","GP","D","1","","USSAV","Y"
"","41632","4200","36","06","86","45","","GP","D","1","","USSAV","Y"
"","41632","4200","36","06","88","45","","GP","D","1","","USSAV","Y"
"","41632","3600","36","04","02","40","","GP","D","1","","USSAV","Y"
"","41632","3600","36","04","04","40","","GP","D","1","","USSAV","Y"
"","41632","3600","36","04","06","40","","GP","D","1","","USSAV","Y"
"","41632","3600","36","04","08","40","","GP","D","1","","USSAV","Y"
"","41632","3600","36","04","10","40","","GP","D","1","","USSAV","Y"
"","41632","3600","36","04","12","40","","GP","D","1","","USSAV","Y"
"","41632","3600","36","04","14","40","","GP","D","1","","USSAV","Y"
"","41625","2200","09","08","14","20","","GP","D","1","","USSAV","Y"
"","41625","2200","09","06","10","20","","GP","D","1","","USSAV","Y"
"","41625","2200","09","04","06","20","","GP","D","1","","USATL","Y"
"","41625","2200","09","03","06","20","","GP","D","1","","USATL","Y"
"","41625","2200","09","05","10","20","","GP","D","1","","USSAV","Y"
"","41632","3600","36","04","16","40","","GP","D","1","","USSAV","Y"
"","41632","3600","36","04","82","40","","GP","D","1","","USSAV","Y"
"","41632","3600","36","04","84","40","","GP","D","1","","USSAV","Y"
"","41632","4200","36","04","86","45","","GP","D","1","","USSAV","Y"
"","41632","4200","36","04","88","45","","GP","D","1","","USSAV","Y"
"","41632","3600","36","02","08","40","","GP","D","1","","USSAV","Y"
"","41632","3600","36","02","10","40","","GP","D","1","","USSAV","Y"
"","41632","3600","36","02","12","40","","GP","D","1","","USSAV","Y"
"","41632","3600","36","02","14","40","","GP","D","1","","USSAV","Y"
"","41632","3600","36","02","16","40","","GP","D","1","","USATL","Y"
"","41632","3600","36","02","82","40","","GP","D","1","","USSAV","Y"
"","41632","3600","36","02","84","40","","GP","D","1","","USSAV","Y"
"","41632","4200","36","02","86","45","","GP","D","1","","USSAV","Y"
"","41632","4200","36","02","88","45","","GP","D","1","","USSAV","Y"
"","41632","3600","36","00","08","40","","GP","D","1","","USSAV","Y"
"","41632","3600","36","00","10","40","","GP","D","1","","USSAV","Y"
"","41632","3600","36","00","12","40","","GP","D","1","","USSAV","Y"
"","41632","3600","36","00","14","40","","GP","D","1","","USSAV","Y"
"","41632","3600","36","00","16","40","","GP","D","1","","USSAV","Y"
"","41632","3600","36","00","82","40","","GP","D","1","","USSAV","Y"
"","41632","3600","36","00","84","40","","GP","D","1","","USSAV","Y"
"","41632","4200","36","00","86","45","","GP","D","1","","USSAV","Y"
"","41632","4200","36","00","88","45","","GP","D","1","","USSAV","Y"
"","41632","3600","36","01","08","40","","GP","D","1","","USSAV","Y"
"","41632","3600","36","01","10","40","","GP","D","1","","USSAV","Y"
"","41626","2200","11","04","04","20","","GP","D","1","","USCHS","Y"
"","41626","2200","11","02","04","20","","GP","D","1","","KRPUS","Y"
"","41626","2200","11","02","06","20","","GP","D","1","","KRPUS","Y"
"","41626","2200","11","00","02","20","","GP","D","1","","KRPUS","Y"
"","41626","2200","11","00","04","20","","GP","D","1","","KRPUS","Y"
"","41626","2200","11","00","06","20","","GP","D","1","","KRPUS","Y"
"","41626","2200","11","01","04","20","","GP","D","1","","KRPUS","Y"
"","41626","3600","12","10","16","40","","GP","D","1","","USCHS","Y"
"","41626","3600","12","08","10","40","","GP","D","1","","USCHS","Y"
"","41626","3600","12","08","12","40","","GP","D","1","","USCHS","Y"
"","41626","3600","12","08","14","40","","GP","D","1","","USCHS","Y"
"","41626","3600","12","08","16","40","","GP","D","1","","USCHS","Y"
"","41626","3600","12","06","08","40","","GP","D","1","","USCHS","Y"
"","41626","3600","12","06","10","40","","GP","D","1","","USCHS","Y"
"","41626","3600","12","06","12","40","","GP","D","1","","USCHS","Y"
"","41626","3600","12","06","14","40","","GP","D","1","","USCHS","Y"
"","41626","3600","12","06","16","40","","GP","D","1","","USCHS","Y"
"","41626","3600","12","06","82","40","","GP","D","1","","USCHS","Y"
"","41626","3600","12","04","06","40","","GP","D","1","","USCHS","Y"
"","41626","3600","12","04","08","40","","GP","D","1","","USCHS","Y"
"","41626","3600","12","04","10","40","","GP","D","1","","USCHS","Y"
"","41626","3600","12","04","12","40","","GP","D","1","","USCHS","Y"
"","41632","3600","36","01","12","40","","GP","D","1","","USSAV","Y"
"","41632","3600","36","01","14","40","","GP","D","1","","USSAV","Y"
"","41632","3600","36","01","16","40","","GP","D","1","","USSAV","Y"
"","41632","3600","36","01","82","40","","GP","D","1","","USSAV","Y"
"","41632","3600","36","01","84","40","","GP","D","1","","USSAV","Y"
"","41632","4200","36","01","86","45","","GP","D","1","","USSAV","Y"
"","41632","4200","36","01","88","45","","GP","D","1","","USSAV","Y"
"","41632","3600","36","03","02","40","","GP","D","1","","USSAV","Y"
"","41632","3600","36","03","04","40","","GP","D","1","","USSAV","Y"
"","41632","3600","36","03","06","40","","GP","D","1","","USSAV","Y"
"","41632","3600","36","03","08","40","","GP","D","1","","USSAV","Y"
"","41632","3600","36","03","10","40","","GP","D","1","","USSAV","Y"
"","41632","3600","36","03","12","40","","GP","D","1","","USSAV","Y"
"","41632","3600","36","03","14","40","","GP","D","1","","USSAV","Y"
"","41632","3600","36","03","16","40","","GP","D","1","","USSAV","Y"
"","41632","3600","36","03","82","40","","GP","D","1","","USSAV","Y"
"","41632","3600","36","03","84","40","","GP","D","1","","USSAV","Y"
"","41632","4200","36","03","86","45","","GP","D","1","","USSAV","Y"
"","41632","4200","36","03","88","45","","GP","D","1","","USSAV","Y"
"","41632","3600","36","05","02","40","","GP","D","1","","USSAV","Y"
"","41632","3600","36","05","04","40","","GP","D","1","","USSAV","Y"
"","41632","3600","36","05","06","40","","GP","D","1","","USSAV","Y"
"","41632","3600","36","05","08","40","","GP","D","1","","USSAV","Y"
"","41632","3600","36","05","10","40","","GP","D","1","","USSAV","Y"
"","41632","3600","36","05","12","40","","GP","D","1","","USATL","Y"
"","41632","3600","36","05","14","40","","GP","D","1","","USSAV","Y"
"","41632","3600","36","05","16","40","","GP","D","1","","USSAV","Y"
"","41632","3600","36","05","82","40","","GP","D","1","","USSAV","Y"
"","41632","3600","36","05","84","40","","GP","D","1","","USSAV","Y"
"","41632","4200","36","05","86","45","","GP","D","1","","USSAV","Y"
"","41632","4200","36","05","88","45","","GP","D","1","","USSAV","Y"
"","41632","3600","36","07","02","40","","GP","D","1","","USSAV","Y"
"","41632","3600","36","07","04","40","","GP","D","1","","USSAV","Y"
"","41632","3600","36","07","06","40","","GP","D","1","","USSAV","Y"
"","41626","3600","12","04","14","40","","GP","D","1","","USCHS","Y"
"","41626","3600","12","04","82","40","","GP","D","1","","USCHS","Y"
"","41626","3600","12","04","84","40","","GP","D","1","","USCHS","Y"
"","41626","3600","12","02","08","40","","GP","D","1","","KRPUS","Y"
"","41626","3600","12","02","10","40","","GP","D","1","","KRPUS","Y"
"","41626","3600","12","02","12","40","","GP","D","1","","KRPUS","Y"
"","41626","3600","12","02","14","40","","GP","D","1","","KRPUS","Y"
"","41626","3600","12","02","16","40","","GP","D","1","","KRPUS","Y"
"","41626","3600","12","02","82","40","","RF","D","1","","KRPUS","Y"
"","41626","3600","12","02","84","40","","GP","D","1","","KRPUS","Y"
"","41626","3600","12","02","86","40","","GP","D","1","","KRPUS","Y"
"","41626","3600","12","00","08","40","","GP","D","1","","KRPUS","Y"
"","41626","3600","12","00","10","40","","GP","D","1","","KRPUS","Y"
"","41626","3600","12","00","12","40","","GP","D","1","","KRPUS","Y"
"","41626","3600","12","00","14","40","","GP","D","1","","KRPUS","Y"
"","41626","3600","12","00","82","40","","RF","D","1","","KRPUS","Y"
"","41626","3600","12","00","84","40","","RF","D","1","","KRPUS","Y"
"","41626","3600","12","00","86","40","","GP","D","1","","KRPUS","Y"
"","41626","3600","12","01","06","40","","GP","D","1","","KRPUS","Y"
"","41626","3600","12","01","08","40","","GP","D","1","","KRPUS","Y"
"","41626","3600","12","01","10","40","","GP","D","1","","KRPUS","Y"
"","41626","3600","12","01","12","40","","GP","D","1","","KRPUS","Y"
"","41626","3600","12","01","14","40","","GP","D","1","","KRPUS","Y"
"","41626","3600","12","01","82","40","","GP","D","1","","KRPUS","Y"
"","41626","3600","12","01","84","40","","GP","D","1","","KRPUS","Y"
"","41626","3600","12","01","86","40","","GP","D","1","","KRPUS","Y"
"","41632","3600","36","07","08","40","","GP","D","1","","USSAV","Y"
"","41632","3600","36","07","10","40","","GP","D","1","","USSAV","Y"
"","41632","3600","36","07","12","40","","GP","D","1","","USSAV","Y"
"","41632","3600","36","07","14","40","","GP","D","1","","USSAV","Y"
"","41632","3600","36","07","82","40","","GP","D","1","","USSAV","Y"
"","41632","3600","36","07","84","40","","GP","D","1","","USSAV","Y"
"","41632","4200","36","07","86","45","","GP","D","1","","USSAV","Y"
"","41632","3600","36","09","04","40","","GP","D","1","","USSAV","Y"
"","41632","3600","36","09","06","40","","GP","D","1","","USSAV","Y"
"","41632","3600","36","09","08","40","","GP","D","1","","USSAV","Y"
"","41632","3600","36","09","10","40","","GP","D","1","","USSAV","Y"
"","41632","3600","36","09","12","40","","GP","D","1","","USSAV","Y"
"","41632","3600","36","09","14","40","","GP","D","1","","USATL","Y"
"","41632","3600","36","09","82","40","","GP","D","1","","USJAX","Y"
"","41632","3600","36","09","84","40","","GP","D","1","","USATL","Y"
"","41632","3600","36","09","86","40","","GP","D","1","","USSAV","Y"
"","41632","3600","36","11","82","40","","GP","D","1","","USSAV","Y"
"","41632","3600","36","11","84","40","","GP","D","1","","USSAV","Y"
"","41632","3600","36","11","86","40","","GP","D","1","","USSAV","Y"
"","41632","2200","37","02","02","20","","GP","D","1","","USSAV","Y"
"","41632","2200","37","02","04","20","","GP","D","1","","USSAV","Y"
"","41632","2200","37","02","06","20","","GP","D","1","","USSAV","Y"
"","41632","2200","37","00","02","20","","GP","D","1","","USATL","Y"
"","41632","2200","37","00","04","20","","GP","D","1","","USATL","Y"
"","41632","2200","37","00","06","20","","GP","D","1","","USSAV","Y"
"","41632","2200","37","01","02","20","","GP","D","1","","USSAV","Y"
"","41632","2200","37","01","04","20","","GP","D","1","","USSAV","Y"
"","41632","2200","37","01","06","20","","GP","D","1","","USSAV","Y"
"","41633","2200","39","02","02","20","","GP","D","1","","USILM","Y"
"","41633","2200","39","02","04","20","","GP","D","1","","USILM","Y"
"","41633","2200","39","02","06","20","","GP","D","1","","USILM","Y"
"","41633","2200","39","00","02","20","","GP","D","1","","USILM","Y"
"","41633","2200","39","00","04","20","","GP","D","1","","USILM","Y"
"","41633","2200","39","00","06","20","","GP","D","1","","USILM","Y"
"","41633","3600","40","06","02","40","","GP","D","1","","USILM","Y"
"","41626","3600","12","03","04","40","","GP","D","1","","USCHS","Y"
"","41626","3600","12","03","06","40","","GP","D","1","","USCHS","Y"
"","41626","3600","12","03","08","40","","GP","D","1","","USCHS","Y"
"","41626","3600","12","03","10","40","","GP","D","1","","USCHS","Y"
"","41626","3600","12","03","12","40","","GP","D","1","","USCHS","Y"
"","41626","3600","12","03","14","40","","GP","D","1","","USCHS","Y"
"","41626","3600","12","03","82","40","","RF","D","1","","KRPUS","Y"
"","41626","3600","12","03","84","40","","GP","D","1","","KRPUS","Y"
"","41626","3600","12","03","86","40","","GP","D","1","","KRPUS","Y"
"","41626","3600","12","05","08","40","","GP","D","1","","USCHS","Y"
"","41626","3600","12","05","10","40","","GP","D","1","","USCHS","Y"
"","41626","3600","12","05","12","40","","GP","D","1","","USCHS","Y"
"","41626","3600","12","05","14","40","","GP","D","1","","USCHS","Y"
"","41626","3600","12","05","16","40","","GP","D","1","","USCHS","Y"
"","41626","3600","12","05","82","40","","GP","D","1","","KRPUS","Y"
"","41626","3600","12","05","84","40","","GP","D","1","","KRPUS","Y"
"","41626","3600","12","07","10","40","","GP","D","1","","USCHS","Y"
"","41626","3600","12","07","12","40","","GP","D","1","","USCHS","Y"
"","41626","3600","12","07","14","40","","GP","D","1","","USCHS","Y"
"","41626","3600","12","07","16","40","","GP","D","1","","USCHS","Y"
"","41626","3600","12","09","16","40","","GP","D","1","","USCHS","Y"
"","41626","2200","13","10","12","20","","GP","D","1","","USCHS","Y"
"","41626","2200","13","10","14","20","","GP","D","1","","USCHS","Y"
"","41626","2200","13","08","08","20","","GP","D","1","","USCHS","Y"
"","41626","2200","13","06","06","20","","GP","D","1","","USCHS","Y"
"","41626","2200","13","04","04","20","","GP","D","1","","USCHS","Y"
"","41626","2200","13","02","02","20","","GP","D","1","","KRPUS","Y"
"","41626","2200","13","02","04","20","","GP","D","1","","KRPUS","Y"
"","41626","2200","13","02","06","20","","GP","D","1","","KRPUS","Y"
"","41626","2200","13","00","02","20","","GP","D","1","","KRPUS","Y"
"","41626","2200","13","00","04","20","","GP","D","1","","KRPUS","Y"
"","41626","2200","13","00","06","20","","GP","D","1","","KRPUS","Y"
"","41626","2200","13","01","02","20","","GP","D","1","","KRPUS","Y"
"","41626","2200","13","01","04","20","","GP","D","1","","KRPUS","Y"
"","41633","3600","40","06","04","40","","GP","D","1","","USILM","Y"
"","41633","3600","40","04","02","40","","GP","D","1","","USILM","Y"
"","41633","3600","40","04","04","40","","GP","D","1","","USILM","Y"
"","41633","3600","40","04","06","40","","GP","D","1","","USILM","Y"
"","41633","3600","40","04","08","40","","GP","D","1","","USILM","Y"
"","41633","3600","40","04","10","40","","GP","D","1","","USILM","Y"
"","41633","3600","40","04","12","40","","GP","D","1","","USILM","Y"
"","41633","3600","40","04","14","40","","GP","D","1","","USILM","Y"
"","41633","3600","40","02","08","40","","GP","D","1","","USILM","Y"
"","41633","3600","40","02","10","40","","GP","D","1","","USILM","Y"
"","41633","3600","40","02","12","40","","GP","D","1","","USILM","Y"
"","41633","3600","40","02","14","40","","GP","D","1","","USILM","Y"
"","41633","3600","40","02","16","40","","GP","D","1","","USILM","Y"
"","41633","3600","40","02","82","40","","GP","D","1","","USILM","Y"
"","41633","3600","40","02","84","40","","GP","D","1","","USILM","Y"
"","41633","4200","40","02","86","45","","GP","D","1","","USILM","Y"
"","41633","3600","40","00","08","40","","GP","D","1","","USILM","Y"
"","41633","3600","40","00","10","40","","GP","D","1","","USILM","Y"
"","41633","3600","40","00","12","40","","GP","D","1","","USILM","Y"
"","41633","3600","40","00","14","40","","GP","D","1","","USILM","Y"
"","41633","3600","40","00","16","40","","GP","D","1","","USILM","Y"
"","41633","3600","40","00","82","40","","GP","D","1","","USILM","Y"
"","41633","3600","40","00","84","40","","GP","D","1","","USILM","Y"
"","41633","4200","40","00","86","45","","GP","D","1","","USILM","Y"
"","41633","3600","40","01","02","40","","GP","D","1","","USILM","Y"
"","41633","3600","40","01","04","40","","GP","D","1","","USILM","Y"
"","41633","3600","40","01","06","40","","GP","D","1","","USILM","Y"
"","41633","3600","40","01","08","40","","GP","D","1","","USILM","Y"
"","41633","3600","40","01","10","40","","GP","D","1","","USILM","Y"
"","41633","3600","40","01","12","40","","GP","D","1","","USILM","Y"
"","41633","3600","40","01","14","40","","GP","D","1","","USILM","Y"
"","41633","3600","40","01","16","40","","GP","D","1","","USILM","Y"
"","41633","3600","40","01","82","40","","GP","D","1","","USILM","Y"
"","41633","3600","40","01","84","40","","GP","D","1","","USILM","Y"
"","41633","2200","41","02","02","20","","GP","D","1","","USILM","Y"
"","41626","2200","13","05","06","20","","GP","D","1","","USCHS","Y"
"","41626","2200","13","07","08","20","","GP","D","1","","USCHS","Y"
"","41626","2200","13","09","12","20","","GP","D","1","","USCHS","Y"
"","41626","2200","13","09","14","20","","GP","D","1","","USCHS","Y"
"","41628","2200","19","02","02","20","","GP","D","1","","USILM","Y"
"","41628","2200","19","02","04","20","","GP","D","1","","USILM","Y"
"","41628","2200","19","02","06","20","","GP","D","1","","USILM","Y"
"","41628","2200","19","00","02","20","","GP","D","1","","USILM","Y"
"","41628","2200","19","00","04","20","","GP","D","1","","USILM","Y"
"","41628","2200","19","00","06","20","","GP","D","1","","USILM","Y"
"","41628","3600","20","10","08","40","","GP","D","1","","USILM","Y"
"","41628","3600","20","10","10","40","","GP","D","1","","USILM","Y"
"","41628","3600","20","10","12","40","","GP","D","1","","USILM","Y"
"","41628","3600","20","10","14","40","","GP","D","1","","USILM","Y"
"","41628","3600","20","10","16","40","","GP","D","1","","USILM","Y"
"","41628","3600","20","10","82","40","","GP","D","1","","USILM","Y"
"","41628","3600","20","10","84","40","","GP","D","1","","USILM","Y"
"","41628","3600","20","08","04","40","","GP","D","1","","USILM","Y"
"","41628","3600","20","08","06","40","","GP","D","1","","USILM","Y"
"","41628","3600","20","08","08","40","","GP","D","1","","USILM","Y"
"","41628","3600","20","08","10","40","","GP","D","1","","USILM","Y"
"","41628","3600","20","08","12","40","","GP","D","1","","USILM","Y"
"","41628","3600","20","08","14","40","","GP","D","1","","USILM","Y"
"","41628","3600","20","08","82","40","","GP","D","1","","USILM","Y"
"","41628","3600","20","08","84","40","","GP","D","1","","USILM","Y"
"","41628","3600","20","08","86","40","","GP","D","1","","USILM","Y"
"","41628","3600","20","06","04","40","","GP","D","1","","USILM","Y"
"","41628","3600","20","06","06","40","","GP","D","1","","USILM","Y"
"","41628","3600","20","06","08","40","","GP","D","1","","USILM","Y"
"","41628","3600","20","06","10","40","","GP","D","1","","USILM","Y"
"","41628","3600","20","06","12","40","","GP","D","1","","USILM","Y"
"","41628","3600","20","06","14","40","","GP","D","1","","USILM","Y"
"","41628","3600","20","06","82","40","","GP","D","1","","USILM","Y"
"","41628","3600","20","06","84","40","","GP","D","1","","USILM","Y"
"","41628","4200","20","06","86","45","","GP","D","1","","USILM","Y"
"","41633","2200","41","02","04","20","","GP","D","1","","USILM","Y"
"","41633","2200","41","02","06","20","","GP","D","1","","USILM","Y"
"","41633","2200","41","00","02","20","","GP","D","1","","USILM","Y"
"","41633","2200","41","00","04","20","","GP","D","1","","USILM","Y"
"","41633","2200","41","00","06","20","","GP","D","1","","USILM","Y"
"","41635","2200","47","03","02","20","","GP","D","1","","USCHS","Y"
"","41635","2200","47","03","04","20","","GP","D","1","","USCHS","Y"
"","41635","2200","47","03","06","20","","GP","D","1","","USCHS","Y"
"","41635","3600","48","10","04","40","","GP","D","1","","USCHS","Y"
"","41635","3600","48","10","06","40","","GP","D","1","","USCHS","Y"
"","41635","3600","48","10","08","40","","GP","D","1","","USCHS","Y"
"","41635","3600","48","10","10","40","","GP","D","1","","USCHS","Y"
"","41635","3600","48","10","12","40","","GP","D","1","","USCHS","Y"
"","41635","3600","48","10","14","40","","GP","D","1","","USCHS","Y"
"","41635","3600","48","10","16","40","","GP","D","1","","USCHS","Y"
"","41635","3600","48","08","02","40","","GP","D","1","","USCHS","Y"
"","41635","3600","48","08","04","40","","GP","D","1","","USCHS","Y"
"","41635","3600","48","08","06","40","","GP","D","1","","USCHS","Y"
"","41635","3600","48","08","08","40","","GP","D","1","","USCHS","Y"
"","41635","3600","48","08","10","40","","GP","D","1","","USCHS","Y"
"","41635","3600","48","08","12","40","","GP","D","1","","USCHS","Y"
"","41635","3600","48","08","14","40","","GP","D","1","","USCHS","Y"
"","41635","3600","48","06","02","40","","GP","D","1","","USCHS","Y"
"","41635","3600","48","06","04","40","","GP","D","1","","USCHS","Y"
"","41635","3600","48","06","06","40","","GP","D","1","","USCHS","Y"
"","41635","3600","48","06","08","40","","GP","D","1","","USCHS","Y"
"","41635","3600","48","06","10","40","","GP","D","1","","USCHS","Y"
"","41635","3600","48","06","12","40","","GP","D","1","","USCHS","Y"
"","41635","3600","48","06","14","40","","GP","D","1","","USCHS","Y"
"","41635","3600","48","04","02","40","","GP","D","1","","USCHS","Y"
"","41635","3600","48","04","04","40","","GP","D","1","","USCHS","Y"
"","41635","3600","48","04","06","40","","GP","D","1","","USCHS","Y"
"","41635","3600","48","04","08","40","","GP","D","1","","USCHS","Y"
"","41635","3600","48","04","10","40","","GP","D","1","","USCHS","Y"
"","41635","3600","48","04","12","40","","GP","D","1","","USCHS","Y"
"","41635","3600","48","04","14","40","","GP","D","1","","USCHS","Y"
"","41635","3600","48","02","02","40","","GP","D","1","","USCHS","Y"
"","41635","3600","48","02","04","40","","GP","D","1","","USCHS","Y"
"","41635","3600","48","02","06","40","","GP","D","1","","USCHS","Y"
"","41635","3600","48","02","08","40","","GP","D","1","","USCHS","Y"
"","41635","3600","48","02","10","40","","GP","D","1","","USCHS","Y"
"","41635","3600","48","02","12","40","","GP","D","1","","USCHS","Y"
"","41635","3600","48","02","14","40","","GP","D","1","","USCHS","Y"
"","41635","3600","48","00","02","40","","GP","D","1","","USCHS","Y"
"","41635","3600","48","00","04","40","","GP","D","1","","USCHS","Y"
"","41635","3600","48","00","06","40","","GP","D","1","","USCHS","Y"
"","41635","3600","48","01","12","40","","GP","D","1","","USCHS","Y"
"","41635","3600","48","01","14","40","","GP","D","1","","USCHS","Y"
"","41635","3600","48","00","08","40","","GP","D","1","","USCHS","Y"
"","41635","3600","48","00","10","40","","GP","D","1","","USCHS","Y"
"","41635","3600","48","00","12","40","","GP","D","1","","USCHS","Y"
"","41635","3600","48","03","08","40","","GP","D","1","","USCHS","Y"
"","41635","3600","48","03","10","40","","GP","D","1","","USCHS","Y"
"","41635","3600","48","05","02","40","","GP","D","1","","USCHS","Y"
"","41635","3600","48","05","04","40","","GP","D","1","","USCHS","Y"
"","41635","3600","48","00","14","40","","GP","D","1","","USCHS","Y"
"","41635","3600","48","01","02","40","","GP","D","1","","USCHS","Y"
"","41635","3600","48","01","04","40","","GP","D","1","","USCHS","Y"
"","41635","3600","48","01","06","40","","GP","D","1","","USCHS","Y"
"","41635","3600","48","01","08","40","","GP","D","1","","USCHS","Y"
"","41635","3600","48","01","10","40","","GP","D","1","","USCHS","Y"
"","41635","3600","48","05","06","40","","GP","D","1","","USCHS","Y"
"","41635","3600","48","05","08","40","","GP","D","1","","USCHS","Y"
"","41635","3600","48","05","10","40","","GP","D","1","","USCHS","Y"
"","41635","3600","48","05","12","40","","GP","D","1","","USCHS","Y"
"","41635","3600","48","05","14","40","","GP","D","1","","USCHS","Y"
"","41635","3600","48","07","02","40","","GP","D","1","","USCHS","Y"
"","41635","3600","48","07","04","40","","GP","D","1","","USCHS","Y"
"","41635","3600","48","07","06","40","","GP","D","1","","USCHS","Y"
"","41635","3600","48","07","08","40","","GP","D","1","","USCHS","Y"
"","41635","2200","49","03","02","20","","GP","D","1","","USCHS","Y"
"","41635","2200","49","03","04","20","","GP","D","1","","USCHS","Y"
"","41635","2200","49","03","06","20","","GP","D","1","","USCHS","Y"
"","41636","3600","52","00","02","40","","GP","D","1","","USSAV","Y"
"","41636","3600","52","00","04","40","","GP","D","1","","USSAV","Y"
"","41636","3600","52","00","06","40","","GP","D","1","","USSAV","Y"
"","41636","3600","52","00","08","40","","GP","D","1","","USSAV","Y"
"","41636","3600","52","00","10","40","","GP","D","1","","USSAV","Y"
"","41636","3600","52","01","02","40","","GP","D","1","","USSAV","Y"
"","41636","3600","52","01","04","40","","GP","D","1","","USSAV","Y"
"","41636","3600","52","01","06","40","","GP","D","1","","USSAV","Y"
"","41636","3600","52","01","08","40","","GP","D","1","","USSAV","Y"
"","41636","3600","52","01","10","40","","GP","D","1","","USSAV","Y"
"","41636","3600","52","01","12","40","","GP","D","1","","USSAV","Y"
"","41636","3600","52","01","14","40","","GP","D","1","","USATL","Y"
"","41638","3600","60","02","08","40","","GP","D","1","","KRPUS","Y"
"","41638","3600","60","02","10","40","","GP","D","1","","KRPUS","Y"
"","41638","3600","60","02","12","40","","GP","D","1","","KRPUS","Y"
"","41638","3600","60","02","14","40","","GP","D","1","","KRPUS","Y"
"","41638","3600","60","02","16","40","","GP","D","1","","KRPUS","Y"
"","41638","3600","60","02","82","40","","GP","D","1","","KRPUS","Y"
"","41638","3600","60","02","84","40","","GP","D","1","","KRPUS","Y"
"","41638","3600","60","00","08","40","","GP","D","1","","KRPUS","Y"
"","41638","3600","60","00","10","40","","GP","D","1","","KRPUS","Y"
"","41638","3600","60","00","12","40","","GP","D","1","","KRPUS","Y"
"","41628","3600","20","04","02","40","","GP","D","1","","USILM","Y"
"","41628","3600","20","04","04","40","","GP","D","1","","USILM","Y"
"","41628","3600","20","04","06","40","","GP","D","1","","USILM","Y"
"","41628","3600","20","04","08","40","","GP","D","1","","USILM","Y"
"","41628","3600","20","04","10","40","","GP","D","1","","USILM","Y"
"","41628","3600","20","04","12","40","","GP","D","1","","USILM","Y"
"","41628","3600","20","04","14","40","","GP","D","1","","USILM","Y"
"","41628","3600","20","04","82","40","","GP","D","1","","USILM","Y"
"","41628","3600","20","04","84","40","","GP","D","1","","USILM","Y"
"","41628","4200","20","04","86","45","","GP","D","1","","USILM","Y"
"","41638","3600","60","00","14","40","","GP","D","1","","KRPUS","Y"
"","41638","3600","60","00","16","40","","GP","D","1","","KRPUS","Y"
"","41638","3600","60","00","82","40","","GP","D","1","","KRPUS","Y"
"","41638","3600","60","01","08","40","","GP","D","1","","KRPUS","Y"
"","41638","3600","60","01","10","40","","GP","D","1","","KRPUS","Y"
"","41638","3600","60","01","12","40","","GP","D","1","","KRPUS","Y"
"","41638","3600","60","01","14","40","","GP","D","1","","KRPUS","Y"
"","41638","3600","60","01","16","40","","GP","D","1","","KRPUS","Y"
"","41638","2200","61","01","82","20","","GP","D","1","","KRPUS","Y"
"","41638","2200","61","01","84","20","","GP","D","1","","KRPUS","Y"
"","41628","3600","20","02","08","40","","GP","D","1","","USILM","Y"
"","41628","3600","20","02","10","40","","GP","D","1","","USILM","Y"
"","41628","3600","20","02","12","40","","GP","D","1","","USILM","Y"
"","41628","3600","20","02","14","40","","GP","D","1","","USILM","Y"
"","41628","3600","20","02","16","40","","GP","D","1","","USILM","Y"
"","41628","3600","20","02","82","40","","GP","D","1","","USILM","Y"
"","41628","3600","20","02","84","40","","GP","D","1","","USILM","Y"
"","41628","4200","20","02","86","45","","GP","D","1","","USILM","Y"
"","41628","4200","20","02","88","45","","GP","D","1","","USILM","Y"
"","41628","3600","20","00","08","40","","GP","D","1","","USILM","Y"
"","41628","3600","20","00","10","40","","GP","D","1","","USILM","Y"
"","41628","3600","20","00","12","40","","GP","D","1","","USILM","Y"
"","41628","3600","20","00","14","40","","GP","D","1","","USILM","Y"
"","41628","3600","20","00","82","40","","GP","D","1","","USILM","Y"
"","41628","3600","20","00","84","40","","GP","D","1","","USILM","Y"
"","41628","4200","20","00","86","45","","GP","D","1","","USILM","Y"
"","41628","4200","20","00","88","45","","GP","D","1","","USILM","Y"
"","41628","3600","20","01","02","40","","GP","D","1","","USILM","Y"
"","41628","3600","20","01","04","40","","GP","D","1","","USILM","Y"
"","41628","3600","20","01","06","40","","GP","D","1","","USILM","Y"
"","41628","3600","20","01","08","40","","GP","D","1","","USILM","Y"
"","41628","3600","20","01","10","40","","GP","D","1","","USILM","Y"
"","41628","3600","20","01","12","40","","GP","D","1","","USILM","Y"
"","41628","3600","20","01","14","40","","GP","D","1","","USILM","Y"
"","41628","3600","20","01","82","40","","GP","D","1","","USILM","Y"
"","41628","3600","20","01","84","40","","GP","D","1","","USILM","Y"
"","41628","3600","20","01","86","40","","GP","D","1","","USILM","Y"
"","41628","3600","20","01","88","40","","GP","D","1","","USILM","Y"
"","41628","3600","20","03","02","40","","GP","D","1","","USILM","Y"
"","41628","3600","20","03","04","40","","GP","D","1","","USILM","Y"
"","41628","3600","20","03","06","40","","GP","D","1","","USILM","Y"
"","41628","3600","20","03","08","40","","GP","D","1","","USILM","Y"
"","41628","3600","20","03","10","40","","GP","D","1","","USILM","Y"
"","41628","3600","20","03","12","40","","GP","D","1","","USILM","Y"
"","41628","3600","20","03","14","40","","GP","D","1","","USILM","Y"
"","41623","2200","01","04","16","20","","GP","D","1","","USILM","Y"
"","41623","2200","01","02","14","20","","GP","D","1","","USILM","Y"
"","41623","2200","01","02","16","20","","GP","D","1","","USILM","Y"
"","41623","2200","01","00","08","20","","GP","D","1","","USILM","Y"
"","41623","2200","01","06","82","20","","GP","D","1","","USILM","Y"
"","41623","2200","01","00","10","20","","GP","D","1","","USILM","Y"
"","41628","3600","20","03","16","40","","GP","D","1","","USILM","Y"
"","41628","3600","20","03","82","40","","GP","D","1","","USILM","Y"
"","41628","3600","20","03","84","40","","GP","D","1","","USILM","Y"
"","41628","4200","20","03","86","45","","GP","D","1","","USILM","Y"
"","41628","4200","20","03","88","45","","GP","D","1","","USILM","Y"
"","41628","3600","20","05","04","40","","GP","D","1","","USILM","Y"
"","41628","3600","20","05","06","40","","GP","D","1","","USILM","Y"
"","41628","3600","20","05","08","40","","GP","D","1","","USILM","Y"
"","41628","3600","20","05","10","40","","GP","D","1","","USILM","Y"
"","41628","3600","20","05","12","40","","GP","D","1","","USILM","Y"
"","41628","3600","20","05","14","40","","GP","D","1","","USILM","Y"
"","41628","3600","20","05","16","40","","GP","D","1","","USILM","Y"
"","41628","3600","20","05","82","40","","GP","D","1","","USILM","Y"
"","41628","3600","20","05","84","40","","GP","D","1","","USILM","Y"
"","41628","3600","20","05","86","40","","GP","D","1","","USILM","Y"
"","41628","3600","20","07","04","40","","GP","D","1","","USILM","Y"
"","41628","3600","20","07","06","40","","GP","D","1","","USILM","Y"
"","41628","3600","20","07","08","40","","GP","D","1","","USILM","Y"
"","41628","3600","20","07","10","40","","GP","D","1","","USILM","Y"
"","41628","3600","20","07","12","40","","GP","D","1","","USILM","Y"
"","41628","3600","20","07","14","40","","GP","D","1","","USILM","Y"
"","41628","3600","20","07","16","40","","GP","D","1","","USILM","Y"
"","41628","3600","20","07","82","40","","GP","D","1","","USILM","Y"
"","41628","3600","20","07","84","40","","GP","D","1","","USILM","Y"
"","41628","3600","20","07","86","40","","GP","D","1","","USILM","Y"
"","41628","3600","20","09","08","40","","GP","D","1","","USILM","Y"
"","41628","3600","20","09","10","40","","GP","D","1","","USILM","Y"
"","41628","3600","20","09","12","40","","GP","D","1","","USILM","Y"
"","41628","3600","20","09","14","40","","GP","D","1","","USILM","Y"
"","41628","3600","20","09","16","40","","GP","D","1","","USILM","Y"
"","41628","3600","20","09","82","40","","GP","D","1","","USILM","Y"
"","41628","3600","20","09","84","40","","GP","D","1","","USILM","Y"
"","41628","3600","20","09","86","40","","GP","D","1","","USILM","Y"
"","41628","2200","21","10","06","20","","GP","D","1","","USILM","Y"
"","41628","2200","21","06","02","20","","GP","D","1","","USILM","Y"
